Player,Team,MatchID,Season,Runs,Wickets,Strike Rate,Economy Rate,Overs Bowled,AllRounder Score
KL Rahul,Chennai Super Kings,1121,2015,78,2,195.76,8.43,1.6,106
David Warner,Royal Challengers Bangalore,1142,2015,21,4,114.71,3.72,3.7,158
AB de Villiers,Sunrisers Hyderabad,1105,2009,29,3,183.01,9.15,2.5,58
Shikhar Dhawan,Kolkata Knight Riders,1118,2009,3,1,161.32,11.39,3.2,80
KL Rahul,Kings XI Punjab,1171,2010,58,3,118.55,8.18,1.9,120
Andre Russell,Kolkata Knight Riders,1048,2019,7,5,76.92,4.14,1.4,186
Rohit Sharma,Kolkata Knight Riders,1103,2019,11,0,68.88,8.24,0.4,62
KL Rahul,Kolkata Knight Riders,1060,2010,118,1,216.3,9.9,3.5,180
AB de Villiers,Sunrisers Hyderabad,1194,2008,33,3,233.68,6.66,3.1,84
Shikhar Dhawan,Kolkata Knight Riders,1122,2010,81,5,179.96,10.92,0.7,70
David Warner,Mumbai Indians,1133,2013,97,0,70.69,8.84,2.0,113
AB de Villiers,Sunrisers Hyderabad,1008,2015,126,5,130.41,11.09,1.9,144
AB de Villiers,Mumbai Indians,1005,2019,74,2,195.79,8.61,2.5,83
Rohit Sharma,Sunrisers Hyderabad,1072,2017,104,2,205.96,4.18,3.8,170
Ravindra Jadeja,Royal Challengers Bangalore,1102,2013,48,4,73.64,5.79,2.3,64
Shikhar Dhawan,Delhi Capitals,1159,2012,78,1,50.01,4.82,2.2,169
MS Dhoni,Chennai Super Kings,1040,2011,92,2,192.43,11.18,0.2,145
AB de Villiers,Kolkata Knight Riders,1113,2010,17,5,121.32,9.84,0.3,55
Ravindra Jadeja,Royal Challengers Bangalore,1007,2011,95,1,100.9,9.09,0.7,158
MS Dhoni,Delhi Capitals,1071,2014,37,2,52.58,5.71,0.1,146
Shikhar Dhawan,Chennai Super Kings,1177,2008,86,4,158.06,4.66,3.0,81
Virat Kohli,Rajasthan Royals,1091,2014,87,3,220.23,9.81,2.9,132
Andre Russell,Kings XI Punjab,1061,2008,49,4,241.53,7.27,0.5,167
Ravindra Jadeja,Mumbai Indians,1083,2009,7,0,163.15,5.03,3.3,128
Chris Gayle,Rajasthan Royals,1061,2011,133,2,152.89,8.55,0.6,127
Virat Kohli,Sunrisers Hyderabad,1110,2008,68,0,67.01,3.36,1.2,196
Andre Russell,Chennai Super Kings,1126,2018,120,0,159.77,5.94,1.0,156
Rohit Sharma,Rajasthan Royals,1006,2019,63,5,126.0,7.22,1.5,175
KL Rahul,Kings XI Punjab,1083,2018,138,1,171.43,4.33,1.0,64
David Warner,Royal Challengers Bangalore,1131,2018,120,5,127.75,11.86,2.0,183
Chris Gayle,Chennai Super Kings,1133,2016,64,2,98.06,4.88,1.6,122
Rohit Sharma,Rajasthan Royals,1057,2019,106,0,68.99,4.17,3.9,150
Shikhar Dhawan,Mumbai Indians,1021,2013,146,3,112.98,4.83,0.2,147
Rohit Sharma,Mumbai Indians,1153,2008,136,0,69.33,9.92,0.6,75
KL Rahul,Delhi Capitals,1126,2008,99,3,85.38,6.83,0.2,141
Shikhar Dhawan,Rajasthan Royals,1002,2013,81,5,247.47,8.09,2.5,174
Chris Gayle,Kolkata Knight Riders,1126,2011,142,5,138.82,3.19,0.2,122
KL Rahul,Rajasthan Royals,1040,2011,50,1,156.37,3.31,3.3,172
MS Dhoni,Royal Challengers Bangalore,1187,2018,140,0,224.72,7.01,2.0,102
David Warner,Chennai Super Kings,1105,2013,82,4,249.11,10.35,2.1,127
Chris Gayle,Chennai Super Kings,1013,2019,111,5,166.54,10.97,2.2,141
MS Dhoni,Royal Challengers Bangalore,1011,2018,55,5,212.49,3.78,0.7,137
Andre Russell,Rajasthan Royals,1086,2014,144,1,115.39,7.85,0.8,62
Chris Gayle,Royal Challengers Bangalore,1011,2016,59,3,111.15,11.22,1.3,92
Andre Russell,Kings XI Punjab,1140,2017,119,1,130.54,6.49,2.4,125
Shikhar Dhawan,Sunrisers Hyderabad,1024,2012,137,0,184.5,10.47,0.8,100
MS Dhoni,Royal Challengers Bangalore,1044,2016,22,2,186.44,4.2,0.5,68
David Warner,Mumbai Indians,1121,2011,148,2,113.05,11.42,3.9,198
KL Rahul,Royal Challengers Bangalore,1146,2017,12,3,76.64,9.76,0.1,171
AB de Villiers,Chennai Super Kings,1054,2009,100,5,176.48,11.47,3.2,73
Rohit Sharma,Mumbai Indians,1099,2010,23,3,75.67,9.09,3.2,75
Virat Kohli,Chennai Super Kings,1172,2018,107,5,165.7,6.27,1.2,169
David Warner,Delhi Capitals,1135,2008,10,5,188.68,11.44,0.5,131
MS Dhoni,Kolkata Knight Riders,1118,2013,16,2,190.12,5.48,0.6,149
AB de Villiers,Chennai Super Kings,1052,2013,24,3,200.69,5.99,2.8,66
David Warner,Mumbai Indians,1182,2008,93,1,224.57,9.31,2.6,117
MS Dhoni,Delhi Capitals,1031,2018,20,5,149.99,9.89,3.1,93
Ravindra Jadeja,Chennai Super Kings,1050,2010,83,4,196.05,11.36,3.7,110
Ravindra Jadeja,Kings XI Punjab,1043,2012,139,4,173.83,4.84,2.8,172
Andre Russell,Royal Challengers Bangalore,1081,2010,36,1,87.33,10.18,0.6,142
David Warner,Kolkata Knight Riders,1197,2017,41,4,55.14,9.65,1.0,123
Ravindra Jadeja,Chennai Super Kings,1145,2010,144,0,106.91,3.57,3.4,116
MS Dhoni,Delhi Capitals,1149,2017,100,5,138.61,6.49,0.8,160
Andre Russell,Kings XI Punjab,1036,2010,47,1,173.42,5.54,0.3,51
MS Dhoni,Rajasthan Royals,1095,2012,102,3,219.99,5.74,2.8,138
Andre Russell,Delhi Capitals,1055,2012,27,5,89.25,11.85,1.6,75
David Warner,Royal Challengers Bangalore,1104,2011,40,1,75.11,8.78,3.7,148
AB de Villiers,Delhi Capitals,1058,2008,98,2,242.7,9.46,2.6,76
KL Rahul,Kings XI Punjab,1130,2012,46,3,71.61,11.79,0.4,138
Chris Gayle,Delhi Capitals,1155,2017,145,2,145.7,6.39,3.8,195
AB de Villiers,Kings XI Punjab,1034,2012,104,5,167.11,10.22,1.0,50
Shikhar Dhawan,Chennai Super Kings,1188,2011,123,3,158.27,6.91,1.3,152
MS Dhoni,Sunrisers Hyderabad,1092,2013,12,4,67.21,10.83,1.6,180
Shikhar Dhawan,Kings XI Punjab,1181,2017,140,1,61.41,4.63,0.2,90
AB de Villiers,Kings XI Punjab,1190,2011,99,5,71.1,11.53,2.0,100
Andre Russell,Kolkata Knight Riders,1096,2014,30,0,167.12,4.97,0.5,64
Chris Gayle,Kings XI Punjab,1134,2014,129,3,158.87,5.94,1.6,57
Chris Gayle,Kings XI Punjab,1075,2009,15,3,96.75,9.81,1.4,87
Virat Kohli,Rajasthan Royals,1048,2010,136,5,177.55,6.54,3.1,163
Chris Gayle,Sunrisers Hyderabad,1093,2008,72,5,214.01,8.47,3.2,132
KL Rahul,Chennai Super Kings,1158,2015,53,2,58.32,7.0,0.6,105
Chris Gayle,Royal Challengers Bangalore,1185,2016,99,4,149.63,9.68,1.5,152
AB de Villiers,Kolkata Knight Riders,1188,2011,108,2,187.86,5.05,1.5,187
Virat Kohli,Rajasthan Royals,1023,2013,86,2,100.46,3.53,0.6,151
AB de Villiers,Mumbai Indians,1147,2016,136,4,111.55,5.7,3.2,127
AB de Villiers,Sunrisers Hyderabad,1036,2013,7,0,172.73,7.27,2.8,132
Rohit Sharma,Chennai Super Kings,1003,2019,6,2,229.59,4.51,0.8,79
Virat Kohli,Chennai Super Kings,1107,2019,35,2,211.98,6.19,1.5,54
AB de Villiers,Mumbai Indians,1125,2019,17,3,166.63,6.6,0.4,168
Rohit Sharma,Royal Challengers Bangalore,1019,2016,2,4,196.04,3.52,2.5,80
Rohit Sharma,Kings XI Punjab,1187,2011,27,1,122.96,8.25,0.5,72
Virat Kohli,Rajasthan Royals,1151,2015,69,0,178.19,10.96,3.9,97
Shikhar Dhawan,Delhi Capitals,1049,2016,148,0,143.24,4.37,3.1,158
Andre Russell,Kolkata Knight Riders,1176,2011,27,4,87.99,8.38,1.6,89
KL Rahul,Delhi Capitals,1178,2012,53,5,190.35,8.98,2.3,55
Andre Russell,Mumbai Indians,1095,2015,64,5,161.29,6.77,3.6,87
Chris Gayle,Chennai Super Kings,1104,2019,99,3,121.72,9.31,2.2,149
KL Rahul,Royal Challengers Bangalore,1163,2017,20,3,232.27,6.7,0.7,76
Chris Gayle,Chennai Super Kings,1116,2013,12,4,54.19,7.54,1.5,118
AB de Villiers,Kolkata Knight Riders,1097,2019,56,3,113.15,3.07,3.4,106
MS Dhoni,Chennai Super Kings,1065,2014,48,0,61.38,9.23,2.6,66
Virat Kohli,Chennai Super Kings,1078,2010,117,0,203.31,8.95,2.6,120
KL Rahul,Kolkata Knight Riders,1161,2014,53,1,190.42,3.35,3.5,96
KL Rahul,Rajasthan Royals,1163,2019,137,5,116.27,6.31,3.6,128
AB de Villiers,Rajasthan Royals,1005,2015,52,4,185.13,11.81,3.7,159
Shikhar Dhawan,Kolkata Knight Riders,1038,2017,43,2,129.19,6.79,0.4,62
Rohit Sharma,Royal Challengers Bangalore,1169,2013,46,5,201.25,7.52,2.2,188
AB de Villiers,Mumbai Indians,1114,2017,52,2,140.84,11.19,3.0,173
Ravindra Jadeja,Sunrisers Hyderabad,1185,2016,73,1,132.46,9.46,3.0,158
Rohit Sharma,Chennai Super Kings,1124,2013,45,1,236.95,8.24,2.4,139
Virat Kohli,Royal Challengers Bangalore,1011,2019,12,3,100.18,10.18,0.7,135
Rohit Sharma,Chennai Super Kings,1130,2016,101,1,74.09,10.78,3.2,141
Shikhar Dhawan,Sunrisers Hyderabad,1017,2011,23,1,166.91,7.11,2.9,73
Rohit Sharma,Mumbai Indians,1039,2015,1,2,243.86,7.28,0.3,122
Virat Kohli,Rajasthan Royals,1020,2018,80,3,125.57,6.47,1.9,53
Shikhar Dhawan,Royal Challengers Bangalore,1142,2011,99,1,62.41,11.7,0.7,162
Andre Russell,Kings XI Punjab,1098,2009,141,5,117.86,9.27,1.3,95
KL Rahul,Kings XI Punjab,1025,2017,137,1,151.19,3.75,0.1,67
KL Rahul,Sunrisers Hyderabad,1007,2018,130,3,82.38,10.77,1.6,92
Chris Gayle,Kings XI Punjab,1099,2016,110,4,181.62,7.33,2.2,142
Andre Russell,Rajasthan Royals,1086,2012,101,3,249.55,3.62,2.5,152
Andre Russell,Sunrisers Hyderabad,1041,2011,16,2,140.35,7.95,2.7,173
Rohit Sharma,Rajasthan Royals,1171,2009,11,4,120.95,6.75,3.3,59
KL Rahul,Mumbai Indians,1013,2008,115,5,130.14,10.9,0.9,122
Virat Kohli,Chennai Super Kings,1077,2018,23,0,73.03,4.84,0.5,80
David Warner,Mumbai Indians,1001,2014,28,3,226.65,10.44,3.4,109
David Warner,Mumbai Indians,1118,2013,121,2,132.97,8.02,0.6,180
Shikhar Dhawan,Rajasthan Royals,1036,2009,89,5,127.45,3.49,3.9,167
KL Rahul,Sunrisers Hyderabad,1068,2015,64,4,181.94,11.75,3.4,63
KL Rahul,Sunrisers Hyderabad,1165,2018,83,5,138.41,7.61,2.0,192
David Warner,Kings XI Punjab,1040,2011,118,3,179.65,5.62,3.9,51
KL Rahul,Delhi Capitals,1061,2015,15,1,62.29,7.22,0.4,73
Rohit Sharma,Chennai Super Kings,1059,2014,103,3,212.74,10.72,1.2,113
Ravindra Jadeja,Rajasthan Royals,1124,2012,91,0,238.1,5.74,2.6,149
MS Dhoni,Kings XI Punjab,1110,2017,26,3,179.75,4.73,1.4,163
Andre Russell,Royal Challengers Bangalore,1013,2017,133,4,240.91,4.16,3.7,73
Chris Gayle,Delhi Capitals,1083,2019,134,4,80.29,5.68,0.3,140
Shikhar Dhawan,Delhi Capitals,1129,2015,32,3,145.48,10.02,2.2,75
Ravindra Jadeja,Rajasthan Royals,1069,2016,54,4,170.36,7.24,2.4,114
David Warner,Kolkata Knight Riders,1144,2012,6,1,166.35,5.05,2.6,169
Andre Russell,Chennai Super Kings,1122,2017,56,5,130.29,4.5,1.0,53
KL Rahul,Delhi Capitals,1088,2012,125,3,117.62,5.99,1.5,50
Chris Gayle,Rajasthan Royals,1027,2009,11,1,75.36,11.46,3.4,99
KL Rahul,Rajasthan Royals,1065,2012,15,5,128.35,6.09,0.8,159
Virat Kohli,Kings XI Punjab,1162,2010,42,5,82.53,11.89,3.3,188
Virat Kohli,Royal Challengers Bangalore,1004,2014,116,1,196.87,7.37,2.3,123
Chris Gayle,Kolkata Knight Riders,1192,2017,134,2,91.77,4.61,3.0,111
Chris Gayle,Chennai Super Kings,1167,2012,110,3,61.71,11.02,2.9,130
David Warner,Sunrisers Hyderabad,1183,2015,50,5,160.47,7.14,0.8,105
Chris Gayle,Mumbai Indians,1163,2008,74,5,169.05,9.39,2.3,160
Rohit Sharma,Royal Challengers Bangalore,1044,2010,7,4,224.38,11.85,3.5,70
KL Rahul,Royal Challengers Bangalore,1150,2010,44,5,165.4,3.45,1.7,190
Ravindra Jadeja,Kings XI Punjab,1046,2016,58,1,119.1,3.87,3.9,58
AB de Villiers,Sunrisers Hyderabad,1030,2012,131,5,210.6,9.48,1.8,188
Chris Gayle,Delhi Capitals,1138,2019,103,2,158.06,5.54,0.6,119
Shikhar Dhawan,Delhi Capitals,1009,2016,97,3,65.86,4.66,1.6,178
Virat Kohli,Kings XI Punjab,1194,2016,78,3,163.17,3.35,3.8,167
Rohit Sharma,Rajasthan Royals,1117,2008,123,5,231.6,3.2,1.3,105
Andre Russell,Delhi Capitals,1013,2009,3,0,129.26,9.97,3.5,80
AB de Villiers,Kolkata Knight Riders,1079,2012,89,0,109.27,4.21,3.5,86
Ravindra Jadeja,Chennai Super Kings,1092,2011,103,1,78.69,7.21,1.4,140
AB de Villiers,Royal Challengers Bangalore,1009,2017,136,0,80.29,8.45,0.3,163
Chris Gayle,Royal Challengers Bangalore,1075,2016,118,1,136.55,6.86,2.9,177
David Warner,Kolkata Knight Riders,1093,2014,132,4,169.14,3.24,1.2,171
Virat Kohli,Sunrisers Hyderabad,1104,2013,55,1,66.12,10.05,3.1,118
Virat Kohli,Delhi Capitals,1000,2014,95,0,237.91,3.09,1.8,85
Andre Russell,Royal Challengers Bangalore,1132,2008,74,5,201.03,9.86,1.9,81
David Warner,Mumbai Indians,1019,2008,142,4,167.32,11.04,3.1,113
KL Rahul,Sunrisers Hyderabad,1007,2015,31,0,215.69,6.9,1.5,97
MS Dhoni,Chennai Super Kings,1170,2009,27,1,66.04,7.82,1.8,130
Rohit Sharma,Chennai Super Kings,1000,2019,21,2,145.37,7.29,1.5,198
Virat Kohli,Royal Challengers Bangalore,1056,2017,16,3,176.02,6.5,1.5,109
Shikhar Dhawan,Kings XI Punjab,1063,2018,58,0,215.73,10.99,2.1,190
Virat Kohli,Sunrisers Hyderabad,1117,2016,89,1,206.69,11.05,3.2,50
AB de Villiers,Royal Challengers Bangalore,1027,2014,105,4,105.41,6.02,1.4,114
Virat Kohli,Kings XI Punjab,1120,2013,25,0,238.18,8.54,2.1,82
Virat Kohli,Royal Challengers Bangalore,1106,2008,24,0,74.87,11.34,2.7,87
MS Dhoni,Mumbai Indians,1164,2008,137,3,225.03,11.66,1.1,74
MS Dhoni,Sunrisers Hyderabad,1174,2009,44,1,244.19,7.58,1.1,108
Ravindra Jadeja,Rajasthan Royals,1164,2013,82,2,85.43,7.08,3.7,150
KL Rahul,Chennai Super Kings,1048,2013,10,4,194.41,5.51,2.9,176
Shikhar Dhawan,Royal Challengers Bangalore,1119,2009,103,1,58.06,11.63,2.3,90
Virat Kohli,Mumbai Indians,1043,2008,67,4,131.08,4.29,2.6,106
Virat Kohli,Kings XI Punjab,1055,2017,94,0,153.26,8.22,0.1,97
Rohit Sharma,Kings XI Punjab,1155,2012,64,3,166.13,5.54,2.5,121
MS Dhoni,Chennai Super Kings,1110,2012,48,3,237.19,5.51,2.0,105
Shikhar Dhawan,Kolkata Knight Riders,1133,2009,51,5,184.45,6.64,2.2,114
Andre Russell,Royal Challengers Bangalore,1107,2013,101,2,146.26,11.99,1.4,61
Ravindra Jadeja,Sunrisers Hyderabad,1188,2016,56,3,211.94,3.49,0.3,118
KL Rahul,Delhi Capitals,1147,2009,46,0,240.11,8.21,0.8,183
David Warner,Kings XI Punjab,1113,2017,25,2,54.41,3.74,3.8,138
KL Rahul,Sunrisers Hyderabad,1077,2009,113,1,246.5,4.39,1.6,74
AB de Villiers,Sunrisers Hyderabad,1129,2010,4,3,67.23,6.96,1.9,50
Virat Kohli,Rajasthan Royals,1036,2014,83,2,212.88,7.59,0.2,180
Ravindra Jadeja,Sunrisers Hyderabad,1019,2013,51,0,106.07,5.33,0.2,98
AB de Villiers,Sunrisers Hyderabad,1025,2019,104,5,76.44,5.85,2.9,196
Shikhar Dhawan,Rajasthan Royals,1028,2015,53,4,137.97,3.78,2.2,109
David Warner,Kings XI Punjab,1000,2015,14,4,178.79,5.73,2.0,51
MS Dhoni,Sunrisers Hyderabad,1118,2013,60,0,126.19,11.7,1.0,122
Ravindra Jadeja,Kolkata Knight Riders,1034,2019,121,0,60.91,11.5,3.0,194
Ravindra Jadeja,Kolkata Knight Riders,1197,2018,20,4,169.89,6.01,0.7,159
Virat Kohli,Mumbai Indians,1058,2017,45,5,230.48,8.14,0.8,110
Chris Gayle,Rajasthan Royals,1068,2010,133,2,126.64,11.19,1.8,66
Ravindra Jadeja,Mumbai Indians,1160,2010,37,4,93.27,3.06,1.1,98
Rohit Sharma,Rajasthan Royals,1178,2008,61,0,138.52,10.3,1.0,125
David Warner,Royal Challengers Bangalore,1011,2014,85,3,59.67,11.54,2.6,197
David Warner,Royal Challengers Bangalore,1019,2012,77,1,214.1,3.82,2.6,180
Rohit Sharma,Sunrisers Hyderabad,1180,2011,45,5,215.27,4.45,3.3,92
Andre Russell,Delhi Capitals,1042,2017,140,5,167.6,11.65,1.7,106
Rohit Sharma,Royal Challengers Bangalore,1125,2011,2,3,120.62,7.84,0.3,99
Rohit Sharma,Delhi Capitals,1049,2011,5,3,209.96,3.13,1.1,86
David Warner,Royal Challengers Bangalore,1028,2013,92,0,160.94,5.32,3.9,95
KL Rahul,Chennai Super Kings,1184,2015,7,4,215.19,7.05,2.4,64
David Warner,Royal Challengers Bangalore,1038,2015,107,2,176.29,9.24,2.8,129
Chris Gayle,Mumbai Indians,1183,2012,74,5,206.88,9.6,0.0,188
Virat Kohli,Kings XI Punjab,1170,2013,76,5,169.71,11.96,2.1,197
AB de Villiers,Sunrisers Hyderabad,1177,2011,49,3,132.83,5.59,0.2,73
KL Rahul,Mumbai Indians,1150,2019,10,4,241.59,7.84,2.3,174
MS Dhoni,Kings XI Punjab,1171,2018,94,5,158.22,7.8,3.7,167
AB de Villiers,Kolkata Knight Riders,1037,2016,69,2,171.02,6.65,3.9,129
Virat Kohli,Mumbai Indians,1083,2015,15,3,94.1,4.52,2.2,143
Chris Gayle,Kolkata Knight Riders,1150,2017,67,2,175.13,11.8,1.8,114
Chris Gayle,Delhi Capitals,1127,2019,98,4,164.32,10.68,3.8,137
MS Dhoni,Delhi Capitals,1125,2017,47,5,86.97,7.48,2.7,137
KL Rahul,Chennai Super Kings,1044,2008,63,1,61.92,8.43,0.3,194
Andre Russell,Royal Challengers Bangalore,1051,2009,89,5,170.87,5.05,1.9,175
Rohit Sharma,Mumbai Indians,1079,2016,75,4,202.74,7.89,1.0,138
KL Rahul,Kolkata Knight Riders,1177,2015,138,5,154.68,9.25,1.9,110
Andre Russell,Kings XI Punjab,1123,2010,100,5,95.35,7.64,1.8,64
Chris Gayle,Delhi Capitals,1118,2015,88,0,183.3,11.91,2.3,143
David Warner,Royal Challengers Bangalore,1007,2019,17,5,66.02,8.5,1.4,100
Virat Kohli,Delhi Capitals,1084,2008,18,5,138.37,6.34,0.7,76
MS Dhoni,Kings XI Punjab,1128,2017,54,2,82.67,9.95,2.0,123
Virat Kohli,Royal Challengers Bangalore,1007,2011,101,1,86.89,4.53,3.3,110
Shikhar Dhawan,Royal Challengers Bangalore,1156,2010,117,2,90.46,6.46,2.7,80
Shikhar Dhawan,Kolkata Knight Riders,1095,2013,133,2,127.34,6.12,1.4,61
KL Rahul,Kolkata Knight Riders,1101,2014,3,3,60.23,6.89,3.7,95
Chris Gayle,Mumbai Indians,1004,2011,107,0,129.56,10.04,3.6,81
Chris Gayle,Mumbai Indians,1085,2014,114,2,152.34,7.36,0.8,110
Rohit Sharma,Rajasthan Royals,1174,2016,28,4,146.66,10.15,0.2,95
Rohit Sharma,Sunrisers Hyderabad,1033,2018,58,4,126.56,8.19,3.0,134
Rohit Sharma,Rajasthan Royals,1192,2009,124,5,217.83,6.08,3.3,129
David Warner,Chennai Super Kings,1054,2018,97,3,79.07,10.29,3.9,184
AB de Villiers,Delhi Capitals,1118,2010,16,0,151.14,5.14,3.6,53
Ravindra Jadeja,Mumbai Indians,1170,2012,106,0,62.41,5.02,2.4,101
AB de Villiers,Kolkata Knight Riders,1157,2010,42,5,64.23,7.54,2.1,161
Virat Kohli,Kings XI Punjab,1113,2018,79,4,164.77,5.35,0.1,85
AB de Villiers,Kolkata Knight Riders,1144,2015,7,1,163.2,3.08,1.0,103
David Warner,Delhi Capitals,1025,2019,140,3,225.61,8.83,1.8,168
Virat Kohli,Rajasthan Royals,1135,2017,105,5,161.57,7.6,2.5,176
AB de Villiers,Kolkata Knight Riders,1046,2015,7,3,241.96,7.01,2.2,66
David Warner,Sunrisers Hyderabad,1112,2015,95,4,59.74,11.7,3.0,124
Ravindra Jadeja,Chennai Super Kings,1075,2019,93,4,69.6,8.14,1.1,154
AB de Villiers,Delhi Capitals,1071,2019,64,1,58.81,10.77,2.3,199
David Warner,Rajasthan Royals,1088,2016,38,1,87.06,4.26,0.4,166
Rohit Sharma,Sunrisers Hyderabad,1045,2011,80,0,158.25,8.12,1.7,92
Chris Gayle,Kings XI Punjab,1195,2012,83,3,179.11,10.81,3.0,161
Rohit Sharma,Rajasthan Royals,1032,2012,87,3,59.12,8.25,2.8,164
Chris Gayle,Royal Challengers Bangalore,1000,2015,85,4,239.19,9.46,4.0,76
MS Dhoni,Sunrisers Hyderabad,1146,2014,92,0,218.43,6.35,1.1,86
MS Dhoni,Sunrisers Hyderabad,1030,2016,85,5,109.32,3.83,2.0,95
MS Dhoni,Chennai Super Kings,1141,2015,43,3,65.44,7.12,1.3,162
Ravindra Jadeja,Delhi Capitals,1052,2009,136,0,83.98,6.55,1.8,84
Rohit Sharma,Kings XI Punjab,1047,2017,73,0,75.39,10.8,3.4,181
Chris Gayle,Chennai Super Kings,1068,2019,35,4,74.66,5.2,2.7,129
David Warner,Rajasthan Royals,1104,2011,100,0,153.71,11.7,3.5,129
Virat Kohli,Chennai Super Kings,1089,2013,103,1,99.17,11.62,0.8,170
David Warner,Sunrisers Hyderabad,1189,2019,65,1,121.63,5.23,3.5,196
Virat Kohli,Delhi Capitals,1193,2009,54,2,247.9,6.13,0.2,171
Shikhar Dhawan,Mumbai Indians,1191,2014,90,4,186.86,11.06,3.6,130
David Warner,Chennai Super Kings,1197,2010,21,5,239.8,11.7,1.3,199
AB de Villiers,Royal Challengers Bangalore,1062,2010,100,2,78.51,6.99,1.3,168
AB de Villiers,Chennai Super Kings,1072,2018,120,1,126.43,5.89,2.0,107
KL Rahul,Rajasthan Royals,1160,2009,92,2,160.95,7.73,3.8,112
Rohit Sharma,Rajasthan Royals,1168,2018,107,4,65.35,9.19,0.2,149
Virat Kohli,Kings XI Punjab,1088,2015,140,4,50.84,5.46,1.4,115
Virat Kohli,Rajasthan Royals,1175,2013,9,0,184.09,9.63,3.4,194
Rohit Sharma,Kolkata Knight Riders,1012,2008,8,3,178.36,3.46,1.6,134
Ravindra Jadeja,Delhi Capitals,1072,2019,33,0,132.16,3.44,0.8,186
KL Rahul,Delhi Capitals,1076,2008,128,4,147.93,6.48,1.7,193
Ravindra Jadeja,Mumbai Indians,1158,2014,88,1,133.09,6.18,1.5,172
Ravindra Jadeja,Mumbai Indians,1067,2015,92,5,54.8,5.84,3.7,51
Ravindra Jadeja,Delhi Capitals,1097,2012,70,1,117.07,7.42,3.0,155
Rohit Sharma,Royal Challengers Bangalore,1124,2019,66,0,85.42,5.89,2.0,157
Ravindra Jadeja,Mumbai Indians,1101,2018,147,5,69.68,4.73,4.0,121
AB de Villiers,Kings XI Punjab,1131,2012,116,4,241.34,5.79,1.9,175
MS Dhoni,Rajasthan Royals,1101,2011,93,1,169.87,11.77,0.2,106
Shikhar Dhawan,Delhi Capitals,1018,2013,98,4,195.73,6.7,1.0,130
Virat Kohli,Sunrisers Hyderabad,1197,2013,112,5,113.07,7.0,1.7,190
Virat Kohli,Mumbai Indians,1081,2010,102,5,128.63,8.19,0.6,68
Shikhar Dhawan,Delhi Capitals,1140,2016,90,1,97.38,11.85,3.8,56
Rohit Sharma,Kolkata Knight Riders,1022,2019,89,4,69.39,5.17,3.1,186
David Warner,Chennai Super Kings,1082,2018,16,2,85.81,9.13,1.1,103
Rohit Sharma,Rajasthan Royals,1108,2014,17,4,209.5,9.44,2.4,153
Virat Kohli,Delhi Capitals,1074,2008,115,5,185.51,8.47,2.9,135
Virat Kohli,Chennai Super Kings,1128,2014,92,4,159.39,3.8,3.8,131
Shikhar Dhawan,Mumbai Indians,1087,2012,90,0,145.02,9.09,3.5,110
Ravindra Jadeja,Chennai Super Kings,1053,2012,81,2,234.49,3.58,2.1,136
Rohit Sharma,Rajasthan Royals,1198,2009,67,3,64.55,8.37,3.1,51
Chris Gayle,Delhi Capitals,1088,2011,113,0,106.12,9.66,2.2,80
Shikhar Dhawan,Kolkata Knight Riders,1142,2019,0,3,119.99,4.9,2.2,82
AB de Villiers,Royal Challengers Bangalore,1064,2013,57,1,206.49,10.57,0.5,129
Virat Kohli,Mumbai Indians,1075,2017,108,3,248.5,3.27,0.5,60
Shikhar Dhawan,Delhi Capitals,1198,2018,147,4,98.13,10.59,2.1,177
Rohit Sharma,Rajasthan Royals,1142,2014,115,3,224.86,7.14,1.1,184
Virat Kohli,Mumbai Indians,1148,2018,86,5,216.12,4.96,0.1,177
David Warner,Kings XI Punjab,1146,2012,9,0,94.93,4.2,2.9,80
Shikhar Dhawan,Chennai Super Kings,1059,2016,58,0,129.87,11.58,0.1,175
KL Rahul,Royal Challengers Bangalore,1092,2010,40,3,131.93,3.65,2.4,96
Virat Kohli,Rajasthan Royals,1160,2008,104,0,245.64,4.79,2.2,156
Rohit Sharma,Kings XI Punjab,1048,2011,132,5,86.18,6.13,3.9,68
MS Dhoni,Sunrisers Hyderabad,1034,2016,121,0,209.83,8.58,1.9,130
Chris Gayle,Delhi Capitals,1171,2011,144,3,116.84,7.9,0.3,172
Andre Russell,Kolkata Knight Riders,1101,2009,21,2,196.17,4.13,2.2,183
Ravindra Jadeja,Mumbai Indians,1010,2017,97,2,134.0,5.61,3.4,156
Andre Russell,Chennai Super Kings,1098,2012,67,1,165.67,5.15,4.0,98
Rohit Sharma,Mumbai Indians,1199,2010,138,0,216.52,4.92,1.7,122
AB de Villiers,Royal Challengers Bangalore,1109,2019,55,3,210.83,6.7,1.3,99
AB de Villiers,Delhi Capitals,1073,2016,148,0,223.28,9.34,3.6,130
MS Dhoni,Mumbai Indians,1193,2011,98,4,61.92,4.96,0.8,144
Ravindra Jadeja,Chennai Super Kings,1173,2013,75,5,188.41,6.3,2.5,61
KL Rahul,Delhi Capitals,1008,2009,25,0,78.0,6.52,1.6,72
MS Dhoni,Mumbai Indians,1002,2013,114,0,133.16,11.79,0.2,103
Andre Russell,Kolkata Knight Riders,1084,2010,146,2,159.72,11.59,1.4,167
MS Dhoni,Rajasthan Royals,1025,2019,108,5,130.55,10.2,1.1,108
Andre Russell,Delhi Capitals,1071,2019,46,3,153.92,5.17,2.7,52
Virat Kohli,Rajasthan Royals,1047,2016,70,0,249.31,3.61,3.8,107
AB de Villiers,Sunrisers Hyderabad,1193,2018,39,2,77.04,5.85,1.1,106
Virat Kohli,Delhi Capitals,1197,2009,132,1,185.09,5.4,3.2,194
Chris Gayle,Kolkata Knight Riders,1155,2019,148,5,129.2,7.55,0.2,139
Ravindra Jadeja,Rajasthan Royals,1116,2019,131,2,76.6,10.0,2.2,104
KL Rahul,Kings XI Punjab,1153,2016,22,2,81.75,10.72,0.3,94
Andre Russell,Chennai Super Kings,1152,2012,105,2,239.85,10.6,3.7,50
KL Rahul,Kings XI Punjab,1011,2015,83,0,225.92,6.24,3.1,70
Andre Russell,Mumbai Indians,1132,2009,142,0,231.41,9.19,2.6,70
Rohit Sharma,Kolkata Knight Riders,1047,2013,115,1,248.31,5.82,3.3,101
MS Dhoni,Kings XI Punjab,1036,2010,108,4,91.66,3.55,2.6,131
Chris Gayle,Delhi Capitals,1043,2019,135,4,121.09,9.31,3.9,116
AB de Villiers,Mumbai Indians,1014,2019,40,4,183.84,3.09,2.9,162
Andre Russell,Mumbai Indians,1042,2017,111,5,146.76,6.68,3.7,93
KL Rahul,Kings XI Punjab,1175,2012,146,5,133.68,5.96,2.1,59
Chris Gayle,Sunrisers Hyderabad,1086,2019,111,1,121.56,9.24,0.5,113
David Warner,Kings XI Punjab,1069,2015,102,5,168.76,9.9,2.1,118
David Warner,Sunrisers Hyderabad,1045,2017,45,4,165.12,5.74,0.5,117
Virat Kohli,Kolkata Knight Riders,1107,2008,67,4,82.29,10.3,2.4,77
AB de Villiers,Chennai Super Kings,1122,2012,121,2,144.35,5.65,1.9,165
Rohit Sharma,Kings XI Punjab,1170,2010,14,5,160.69,7.02,2.5,100
KL Rahul,Royal Challengers Bangalore,1020,2011,128,0,164.06,9.54,0.0,53
MS Dhoni,Sunrisers Hyderabad,1150,2009,110,0,92.02,9.24,0.8,128
MS Dhoni,Kings XI Punjab,1106,2016,23,2,198.45,11.89,2.0,66
KL Rahul,Rajasthan Royals,1079,2010,26,2,55.04,5.03,3.8,157
Ravindra Jadeja,Delhi Capitals,1046,2009,39,2,120.97,8.96,1.5,123
Rohit Sharma,Royal Challengers Bangalore,1116,2017,23,0,206.04,8.49,1.7,72
Chris Gayle,Royal Challengers Bangalore,1123,2018,23,4,162.78,11.24,2.9,67
Andre Russell,Sunrisers Hyderabad,1142,2016,3,2,102.23,4.41,2.4,178
Ravindra Jadeja,Rajasthan Royals,1024,2014,66,1,188.99,9.77,1.2,84
Andre Russell,Rajasthan Royals,1035,2013,33,2,163.48,8.11,1.6,113
Andre Russell,Mumbai Indians,1050,2008,115,3,209.25,5.47,0.9,108
Ravindra Jadeja,Sunrisers Hyderabad,1014,2012,22,2,197.01,7.27,3.9,50
Virat Kohli,Chennai Super Kings,1067,2019,108,0,172.02,6.0,0.5,180
David Warner,Delhi Capitals,1020,2018,68,5,147.64,8.21,1.5,116
Andre Russell,Kolkata Knight Riders,1140,2018,94,2,76.64,11.0,0.1,86
Ravindra Jadeja,Royal Challengers Bangalore,1018,2010,61,5,102.27,8.12,0.9,78
Ravindra Jadeja,Kolkata Knight Riders,1033,2008,56,3,133.82,8.69,3.1,138
Shikhar Dhawan,Kings XI Punjab,1077,2011,53,1,169.86,7.67,0.8,149
Virat Kohli,Kings XI Punjab,1124,2009,69,5,152.74,3.46,0.3,171
AB de Villiers,Kolkata Knight Riders,1195,2009,100,4,107.64,5.1,1.9,139
Shikhar Dhawan,Kings XI Punjab,1116,2010,56,2,51.29,7.43,0.0,181
Shikhar Dhawan,Chennai Super Kings,1051,2015,137,3,149.25,5.79,0.3,63
KL Rahul,Rajasthan Royals,1026,2015,134,3,107.13,4.64,3.2,199
David Warner,Kings XI Punjab,1156,2019,102,5,196.92,7.54,3.1,180
Ravindra Jadeja,Mumbai Indians,1155,2014,84,1,54.79,5.91,3.7,134
David Warner,Kings XI Punjab,1034,2013,60,0,166.97,5.32,3.4,70
Rohit Sharma,Delhi Capitals,1135,2016,2,2,238.29,7.18,2.7,75
KL Rahul,Chennai Super Kings,1143,2011,127,3,84.88,4.2,0.2,90
AB de Villiers,Delhi Capitals,1105,2019,85,1,144.33,11.35,3.1,171
David Warner,Delhi Capitals,1163,2008,46,4,68.28,10.81,3.4,87
MS Dhoni,Mumbai Indians,1157,2015,75,3,175.14,9.37,3.2,137
Andre Russell,Chennai Super Kings,1145,2014,37,1,160.11,3.96,2.0,60
Rohit Sharma,Chennai Super Kings,1001,2014,140,0,131.47,9.98,0.9,78
Virat Kohli,Sunrisers Hyderabad,1176,2010,86,0,154.28,10.27,3.4,109
AB de Villiers,Chennai Super Kings,1076,2011,57,3,229.31,9.91,2.9,110
Rohit Sharma,Chennai Super Kings,1131,2017,49,3,89.26,4.03,3.9,196
Andre Russell,Chennai Super Kings,1089,2016,29,5,54.51,8.8,0.6,71
KL Rahul,Mumbai Indians,1088,2013,100,2,222.33,10.51,0.9,127
Andre Russell,Kings XI Punjab,1093,2012,24,1,165.42,8.2,0.8,162
Shikhar Dhawan,Sunrisers Hyderabad,1006,2010,111,3,228.13,8.82,3.2,172
Andre Russell,Delhi Capitals,1094,2016,125,2,169.39,7.13,0.7,191
Shikhar Dhawan,Chennai Super Kings,1107,2012,122,5,212.03,7.76,0.3,93
KL Rahul,Royal Challengers Bangalore,1073,2012,46,2,135.93,3.31,4.0,193
Chris Gayle,Kings XI Punjab,1038,2011,117,3,199.97,8.75,0.1,146
Shikhar Dhawan,Kings XI Punjab,1140,2011,38,0,232.61,3.73,3.3,126
Virat Kohli,Delhi Capitals,1158,2019,15,1,164.42,6.92,1.5,189
Andre Russell,Mumbai Indians,1070,2008,21,1,86.16,5.63,3.4,104
Andre Russell,Kolkata Knight Riders,1190,2014,53,0,103.76,7.91,2.2,100
Virat Kohli,Kolkata Knight Riders,1055,2016,148,3,89.73,4.2,3.6,151
MS Dhoni,Kings XI Punjab,1169,2010,15,1,99.37,9.22,3.7,78
Ravindra Jadeja,Rajasthan Royals,1188,2019,58,3,111.28,10.16,0.0,118
Chris Gayle,Rajasthan Royals,1041,2009,30,5,161.03,4.47,0.3,129
AB de Villiers,Delhi Capitals,1183,2010,31,3,167.6,3.94,1.0,80
Shikhar Dhawan,Kolkata Knight Riders,1035,2008,8,2,135.3,4.31,2.7,161
Virat Kohli,Kings XI Punjab,1083,2013,138,0,173.08,10.89,3.6,95
KL Rahul,Mumbai Indians,1195,2018,9,3,66.31,7.75,1.8,146
Shikhar Dhawan,Kolkata Knight Riders,1117,2018,16,5,67.56,7.21,2.4,101
Ravindra Jadeja,Kings XI Punjab,1006,2014,67,4,84.37,3.96,0.8,187
KL Rahul,Kings XI Punjab,1053,2018,47,0,153.62,8.85,3.2,123
Rohit Sharma,Chennai Super Kings,1128,2018,110,1,92.8,10.81,3.9,90
Andre Russell,Mumbai Indians,1171,2009,122,2,106.66,10.45,1.1,126
Rohit Sharma,Chennai Super Kings,1119,2015,148,1,130.06,8.63,2.0,180
Shikhar Dhawan,Delhi Capitals,1172,2013,100,5,212.37,3.68,0.3,163
Ravindra Jadeja,Chennai Super Kings,1105,2011,101,5,52.77,4.01,2.2,101
Chris Gayle,Royal Challengers Bangalore,1046,2012,64,1,179.88,3.44,2.0,136
Shikhar Dhawan,Chennai Super Kings,1122,2015,50,0,183.78,5.32,0.6,158
Virat Kohli,Royal Challengers Bangalore,1140,2010,35,1,209.73,4.22,1.8,190
David Warner,Kolkata Knight Riders,1118,2010,80,3,236.55,5.34,1.3,118
Shikhar Dhawan,Rajasthan Royals,1149,2018,126,1,54.03,6.47,2.1,169
Andre Russell,Sunrisers Hyderabad,1117,2011,87,2,80.76,11.49,2.3,116
Andre Russell,Sunrisers Hyderabad,1020,2008,103,2,227.23,8.49,0.0,110
Shikhar Dhawan,Kings XI Punjab,1136,2016,14,4,141.7,10.51,3.0,120
KL Rahul,Sunrisers Hyderabad,1025,2015,95,2,162.92,9.39,2.9,79
David Warner,Royal Challengers Bangalore,1008,2015,122,1,182.61,4.01,1.5,195
Virat Kohli,Mumbai Indians,1014,2017,0,2,185.81,9.62,0.2,145
Shikhar Dhawan,Chennai Super Kings,1009,2013,121,0,236.35,5.48,3.0,105
KL Rahul,Royal Challengers Bangalore,1121,2014,125,2,249.39,8.75,3.8,102
Andre Russell,Mumbai Indians,1120,2013,56,3,194.03,6.07,1.0,56
Andre Russell,Rajasthan Royals,1124,2016,80,0,107.44,11.98,1.3,146
Ravindra Jadeja,Sunrisers Hyderabad,1169,2010,72,4,225.95,5.37,0.7,162
Shikhar Dhawan,Rajasthan Royals,1071,2010,140,3,59.84,5.51,2.3,174
David Warner,Sunrisers Hyderabad,1151,2010,69,1,96.22,11.38,0.6,181
MS Dhoni,Chennai Super Kings,1048,2017,5,1,229.48,3.22,1.4,170
David Warner,Delhi Capitals,1153,2010,83,1,101.24,9.27,2.8,87
Andre Russell,Chennai Super Kings,1090,2016,51,3,94.13,9.53,2.2,171
Andre Russell,Kolkata Knight Riders,1036,2019,2,3,77.63,10.53,1.5,75
Rohit Sharma,Royal Challengers Bangalore,1067,2011,80,3,221.82,11.77,1.7,178
Andre Russell,Kings XI Punjab,1049,2014,62,0,150.01,11.78,2.2,53
Virat Kohli,Delhi Capitals,1151,2016,48,5,184.98,3.59,0.0,88
AB de Villiers,Chennai Super Kings,1018,2018,75,0,97.81,10.4,0.3,103
Shikhar Dhawan,Mumbai Indians,1099,2019,111,1,201.61,8.82,3.5,82
David Warner,Delhi Capitals,1059,2014,108,5,202.0,8.83,0.3,69
AB de Villiers,Royal Challengers Bangalore,1166,2016,64,2,112.52,4.16,2.8,65
KL Rahul,Sunrisers Hyderabad,1088,2019,80,1,132.14,8.85,3.7,198
MS Dhoni,Delhi Capitals,1145,2010,14,4,91.94,11.84,1.1,176
Virat Kohli,Sunrisers Hyderabad,1146,2011,99,0,245.31,11.21,1.5,136
David Warner,Royal Challengers Bangalore,1163,2015,31,3,179.12,6.95,2.3,131
AB de Villiers,Chennai Super Kings,1182,2013,95,0,236.91,3.36,3.5,111
MS Dhoni,Royal Challengers Bangalore,1068,2012,127,3,110.68,6.26,3.8,80
Rohit Sharma,Delhi Capitals,1174,2011,145,5,206.38,10.44,3.0,91
Virat Kohli,Mumbai Indians,1048,2015,112,4,203.17,9.31,0.3,61
Virat Kohli,Rajasthan Royals,1107,2008,82,5,188.33,7.13,2.7,114
Rohit Sharma,Delhi Capitals,1160,2016,42,4,243.13,3.5,1.6,122
Shikhar Dhawan,Royal Challengers Bangalore,1118,2008,115,0,128.71,6.84,1.9,180
Rohit Sharma,Rajasthan Royals,1148,2015,77,3,76.14,7.22,0.2,164
Virat Kohli,Royal Challengers Bangalore,1149,2011,57,5,184.34,11.36,0.8,186
Virat Kohli,Mumbai Indians,1175,2016,32,4,195.86,8.77,3.2,155
AB de Villiers,Royal Challengers Bangalore,1036,2018,13,1,165.01,5.8,1.8,65
Andre Russell,Chennai Super Kings,1142,2012,131,1,91.36,7.73,1.2,127
MS Dhoni,Kings XI Punjab,1162,2010,58,5,150.89,3.59,1.5,174
Rohit Sharma,Sunrisers Hyderabad,1198,2016,82,3,112.44,11.75,3.4,180
MS Dhoni,Sunrisers Hyderabad,1159,2018,133,5,135.49,6.24,3.0,190
Rohit Sharma,Delhi Capitals,1010,2016,120,0,179.04,7.3,1.1,179
KL Rahul,Kings XI Punjab,1137,2011,82,4,199.04,6.2,0.5,161
Virat Kohli,Royal Challengers Bangalore,1077,2018,26,0,96.44,9.14,1.0,176
Andre Russell,Mumbai Indians,1076,2011,79,1,131.07,8.96,3.7,70
AB de Villiers,Delhi Capitals,1184,2019,133,4,103.83,9.44,2.3,196
Andre Russell,Royal Challengers Bangalore,1152,2015,12,5,89.73,5.41,2.1,138
Andre Russell,Rajasthan Royals,1001,2009,63,0,206.68,5.84,2.4,96
Andre Russell,Kolkata Knight Riders,1063,2016,146,2,231.85,4.13,1.5,199
MS Dhoni,Royal Challengers Bangalore,1034,2013,79,3,124.05,8.9,3.2,134
Rohit Sharma,Kings XI Punjab,1006,2016,122,3,200.26,3.36,2.1,177
Chris Gayle,Delhi Capitals,1084,2015,42,2,229.4,8.38,0.5,121
KL Rahul,Kings XI Punjab,1145,2014,88,1,219.22,10.83,0.5,91
David Warner,Delhi Capitals,1066,2008,147,4,86.56,11.02,2.1,58
Andre Russell,Royal Challengers Bangalore,1041,2019,94,3,241.26,7.04,3.7,74
Shikhar Dhawan,Chennai Super Kings,1117,2010,1,2,125.34,7.13,1.2,51
MS Dhoni,Rajasthan Royals,1124,2018,119,5,117.85,3.69,3.5,68
AB de Villiers,Royal Challengers Bangalore,1166,2009,21,2,62.49,9.04,3.1,69
David Warner,Sunrisers Hyderabad,1168,2012,114,1,147.23,10.39,1.0,119
Chris Gayle,Kings XI Punjab,1023,2012,56,1,71.8,5.2,0.1,66
Shikhar Dhawan,Kolkata Knight Riders,1187,2012,71,0,99.71,6.79,0.4,173
Chris Gayle,Kolkata Knight Riders,1045,2011,6,3,113.39,10.55,2.9,138
David Warner,Mumbai Indians,1018,2012,118,0,211.77,10.89,0.8,143
Andre Russell,Delhi Capitals,1067,2010,113,2,225.1,5.19,1.5,133
Shikhar Dhawan,Kings XI Punjab,1101,2019,15,4,110.49,7.96,2.0,180
Chris Gayle,Mumbai Indians,1041,2008,82,4,221.74,4.73,2.9,136
AB de Villiers,Kings XI Punjab,1031,2012,71,1,221.45,3.92,0.5,100
Rohit Sharma,Sunrisers Hyderabad,1166,2016,123,4,202.93,11.2,1.6,131
Virat Kohli,Delhi Capitals,1108,2016,112,4,79.34,10.38,1.9,57
Rohit Sharma,Royal Challengers Bangalore,1035,2011,11,4,188.06,9.84,2.2,170
David Warner,Royal Challengers Bangalore,1096,2010,125,2,239.0,3.44,3.3,53
MS Dhoni,Kolkata Knight Riders,1163,2008,52,4,186.51,10.59,0.7,135
Virat Kohli,Royal Challengers Bangalore,1130,2009,74,5,116.32,6.94,3.2,177
KL Rahul,Royal Challengers Bangalore,1072,2015,132,4,150.12,6.08,2.8,159
AB de Villiers,Sunrisers Hyderabad,1135,2008,26,4,179.15,7.92,2.2,148
KL Rahul,Chennai Super Kings,1096,2015,139,0,152.11,3.82,2.8,86
Shikhar Dhawan,Kolkata Knight Riders,1122,2014,144,2,73.99,9.81,1.6,120
Virat Kohli,Mumbai Indians,1069,2015,133,1,112.41,8.24,0.6,82
KL Rahul,Rajasthan Royals,1168,2019,96,0,210.48,4.68,2.7,80
KL Rahul,Chennai Super Kings,1195,2013,4,3,222.28,4.69,2.1,174
Chris Gayle,Mumbai Indians,1012,2019,56,2,77.46,4.66,2.6,61
Rohit Sharma,Delhi Capitals,1048,2016,77,5,240.48,3.51,1.4,60
Chris Gayle,Chennai Super Kings,1059,2010,68,2,115.76,8.29,3.6,137
Virat Kohli,Sunrisers Hyderabad,1129,2017,117,3,182.46,10.56,2.3,121
Virat Kohli,Mumbai Indians,1187,2011,119,3,200.37,3.16,0.3,81
David Warner,Delhi Capitals,1004,2013,58,3,212.39,3.44,1.8,106
Chris Gayle,Kolkata Knight Riders,1171,2015,32,1,239.15,8.15,3.0,135
Ravindra Jadeja,Rajasthan Royals,1026,2012,61,4,112.58,10.38,3.2,68
Rohit Sharma,Delhi Capitals,1159,2010,49,2,221.7,5.94,2.0,165
Virat Kohli,Royal Challengers Bangalore,1148,2013,111,4,76.34,6.15,3.6,63
David Warner,Kings XI Punjab,1007,2011,18,4,191.01,8.37,1.1,82
Chris Gayle,Delhi Capitals,1199,2016,122,5,198.4,5.47,1.6,59
Rohit Sharma,Delhi Capitals,1049,2010,46,3,185.54,3.24,3.6,129
Chris Gayle,Rajasthan Royals,1066,2011,32,1,100.46,9.62,3.6,113
KL Rahul,Kings XI Punjab,1043,2014,140,5,224.61,8.63,2.7,117
David Warner,Royal Challengers Bangalore,1124,2014,83,0,83.77,8.23,3.4,141
Rohit Sharma,Mumbai Indians,1057,2019,134,1,60.73,9.68,0.4,174
Andre Russell,Mumbai Indians,1002,2019,78,4,193.49,9.08,3.5,129
Shikhar Dhawan,Delhi Capitals,1085,2011,13,1,145.1,4.85,1.3,108
Shikhar Dhawan,Sunrisers Hyderabad,1069,2013,146,3,219.82,6.17,0.7,146
Rohit Sharma,Sunrisers Hyderabad,1129,2019,127,0,126.68,4.13,1.0,68
Chris Gayle,Kings XI Punjab,1171,2010,53,3,83.66,4.17,1.7,198
David Warner,Kings XI Punjab,1001,2013,147,0,217.29,9.09,1.0,71
Shikhar Dhawan,Royal Challengers Bangalore,1101,2019,28,5,159.78,10.73,1.3,58
David Warner,Rajasthan Royals,1034,2009,23,4,87.84,11.66,0.5,58
Shikhar Dhawan,Kolkata Knight Riders,1097,2015,81,0,194.08,8.66,1.2,76
KL Rahul,Mumbai Indians,1029,2009,62,0,152.22,4.66,2.3,66
Chris Gayle,Rajasthan Royals,1115,2018,104,0,170.86,3.95,1.8,94
KL Rahul,Chennai Super Kings,1007,2014,56,1,142.18,10.32,1.4,57
Shikhar Dhawan,Mumbai Indians,1149,2016,135,5,215.74,8.21,3.0,195
Andre Russell,Rajasthan Royals,1043,2008,61,1,215.91,8.56,3.6,174
Andre Russell,Mumbai Indians,1185,2015,16,4,191.88,10.03,3.0,172
KL Rahul,Kolkata Knight Riders,1035,2014,65,0,71.08,9.33,1.3,82
Andre Russell,Chennai Super Kings,1196,2013,5,5,217.77,10.51,3.0,50
Shikhar Dhawan,Sunrisers Hyderabad,1076,2013,57,5,184.2,3.51,0.6,55
Rohit Sharma,Sunrisers Hyderabad,1030,2013,68,2,189.4,9.73,0.5,90
KL Rahul,Kolkata Knight Riders,1046,2016,61,4,122.6,10.66,1.4,54
MS Dhoni,Royal Challengers Bangalore,1054,2009,81,5,225.86,5.58,3.2,129
Chris Gayle,Chennai Super Kings,1105,2008,70,0,195.07,8.76,1.0,67
Andre Russell,Delhi Capitals,1189,2019,130,0,72.52,5.83,0.3,131
Andre Russell,Rajasthan Royals,1157,2013,9,5,131.56,11.62,0.5,114
Virat Kohli,Chennai Super Kings,1120,2017,97,1,227.28,3.3,3.4,132
Ravindra Jadeja,Royal Challengers Bangalore,1054,2018,88,4,59.44,8.22,2.5,185
KL Rahul,Royal Challengers Bangalore,1143,2015,34,0,242.28,4.5,1.0,180
AB de Villiers,Kolkata Knight Riders,1011,2010,1,5,185.83,9.41,2.2,74
Andre Russell,Mumbai Indians,1144,2019,123,0,176.28,4.58,2.1,118
Chris Gayle,Chennai Super Kings,1143,2017,23,5,104.11,5.12,2.6,131
MS Dhoni,Rajasthan Royals,1139,2008,73,4,99.76,7.45,0.9,166
Andre Russell,Chennai Super Kings,1135,2016,21,5,238.41,11.23,3.5,144
MS Dhoni,Kings XI Punjab,1002,2008,38,2,109.65,4.91,1.2,82
Shikhar Dhawan,Mumbai Indians,1143,2010,19,5,205.1,4.3,2.8,160
Shikhar Dhawan,Rajasthan Royals,1029,2015,40,5,128.62,9.83,0.1,195
Ravindra Jadeja,Sunrisers Hyderabad,1022,2010,147,4,77.85,7.51,1.5,174
Rohit Sharma,Rajasthan Royals,1091,2011,107,5,52.14,11.21,1.4,65
AB de Villiers,Delhi Capitals,1114,2015,146,4,158.85,4.32,2.2,129
Virat Kohli,Kolkata Knight Riders,1103,2008,83,2,245.16,8.81,0.3,87
Ravindra Jadeja,Delhi Capitals,1117,2013,110,4,123.83,5.1,3.2,184
David Warner,Rajasthan Royals,1004,2008,65,0,121.44,4.41,0.9,127
Virat Kohli,Mumbai Indians,1103,2008,52,4,118.82,9.15,2.7,112
KL Rahul,Chennai Super Kings,1107,2015,33,2,154.11,8.34,3.2,161
Chris Gayle,Sunrisers Hyderabad,1064,2018,149,3,138.13,9.79,2.2,138
David Warner,Chennai Super Kings,1120,2011,66,5,225.98,5.79,3.0,87
David Warner,Mumbai Indians,1029,2019,133,4,151.1,7.03,2.6,199
Ravindra Jadeja,Rajasthan Royals,1148,2008,26,5,151.55,6.65,1.4,193
Rohit Sharma,Royal Challengers Bangalore,1083,2017,9,1,77.67,11.86,3.2,101
Ravindra Jadeja,Chennai Super Kings,1197,2014,72,0,246.55,5.63,1.2,78
KL Rahul,Royal Challengers Bangalore,1149,2012,95,0,99.99,5.65,2.3,193
Andre Russell,Chennai Super Kings,1199,2012,47,1,64.67,6.19,3.0,125
Andre Russell,Chennai Super Kings,1031,2008,69,1,182.63,8.08,1.5,194
Rohit Sharma,Sunrisers Hyderabad,1160,2017,99,4,169.07,5.27,1.2,113
KL Rahul,Kolkata Knight Riders,1015,2018,58,1,133.03,11.24,1.8,140
Rohit Sharma,Kolkata Knight Riders,1037,2013,1,3,134.44,5.39,3.3,138
MS Dhoni,Kings XI Punjab,1141,2016,64,5,207.01,11.06,3.7,62
Andre Russell,Delhi Capitals,1035,2016,82,5,89.14,3.93,2.2,121
David Warner,Mumbai Indians,1150,2015,9,2,214.05,8.91,2.6,54
AB de Villiers,Mumbai Indians,1113,2012,52,1,179.75,11.16,3.6,61
Chris Gayle,Mumbai Indians,1065,2008,78,1,133.79,4.52,0.4,52
KL Rahul,Kings XI Punjab,1104,2016,58,3,141.61,11.71,0.9,82
Virat Kohli,Kolkata Knight Riders,1084,2008,149,0,101.33,7.08,2.8,170
Rohit Sharma,Rajasthan Royals,1001,2015,47,0,200.42,11.51,3.3,99
Chris Gayle,Royal Challengers Bangalore,1192,2012,148,5,152.57,9.09,3.4,186
Virat Kohli,Sunrisers Hyderabad,1074,2010,122,5,114.17,5.71,1.7,78
Chris Gayle,Royal Challengers Bangalore,1066,2018,21,4,169.21,4.69,0.4,88
AB de Villiers,Rajasthan Royals,1179,2014,99,3,249.15,5.73,1.8,140
Virat Kohli,Sunrisers Hyderabad,1189,2014,97,2,137.05,3.84,0.9,149
Ravindra Jadeja,Kings XI Punjab,1150,2016,24,2,234.14,4.29,1.2,66
Shikhar Dhawan,Rajasthan Royals,1153,2014,27,3,119.0,3.94,3.1,105
Ravindra Jadeja,Mumbai Indians,1195,2018,112,2,60.95,6.81,0.3,95
Andre Russell,Delhi Capitals,1054,2010,44,0,90.85,10.16,3.3,116
Shikhar Dhawan,Chennai Super Kings,1005,2018,67,2,133.74,4.27,1.7,191
Ravindra Jadeja,Royal Challengers Bangalore,1162,2008,6,2,93.93,4.17,2.4,116
Shikhar Dhawan,Kolkata Knight Riders,1149,2015,48,3,50.05,8.79,0.4,72
Shikhar Dhawan,Kolkata Knight Riders,1170,2019,136,3,233.0,4.77,1.3,143
David Warner,Kings XI Punjab,1142,2010,82,2,218.78,3.88,0.4,103
Rohit Sharma,Sunrisers Hyderabad,1085,2019,128,1,198.46,4.5,3.8,187
Rohit Sharma,Kolkata Knight Riders,1059,2015,137,3,83.56,11.31,3.2,126
David Warner,Mumbai Indians,1100,2015,72,4,74.07,10.39,1.8,65
Chris Gayle,Royal Challengers Bangalore,1011,2012,45,4,63.52,6.19,0.9,90
MS Dhoni,Rajasthan Royals,1048,2019,105,0,194.81,8.9,3.7,147
Chris Gayle,Mumbai Indians,1041,2008,31,2,235.76,7.84,1.4,177
Virat Kohli,Kings XI Punjab,1165,2017,5,1,136.11,9.09,0.6,110
Virat Kohli,Mumbai Indians,1081,2014,144,0,73.83,9.14,2.3,135
Shikhar Dhawan,Rajasthan Royals,1172,2019,73,2,152.48,8.66,3.8,167
Ravindra Jadeja,Delhi Capitals,1034,2017,113,3,119.77,5.39,0.0,149
Ravindra Jadeja,Kings XI Punjab,1157,2012,26,4,124.96,3.35,1.0,98
Rohit Sharma,Delhi Capitals,1157,2015,53,5,174.27,7.1,3.8,51
KL Rahul,Chennai Super Kings,1133,2016,84,1,193.74,11.02,0.7,169
Chris Gayle,Delhi Capitals,1066,2018,126,5,72.12,8.13,0.5,172
Andre Russell,Chennai Super Kings,1079,2014,110,4,57.12,10.49,2.3,135
AB de Villiers,Chennai Super Kings,1006,2014,14,5,248.87,11.92,3.4,126
Ravindra Jadeja,Delhi Capitals,1179,2008,131,3,96.55,4.47,1.9,185
AB de Villiers,Kings XI Punjab,1013,2011,92,2,60.77,9.23,4.0,108
Shikhar Dhawan,Sunrisers Hyderabad,1072,2009,122,3,87.98,9.07,2.7,61
AB de Villiers,Rajasthan Royals,1142,2009,72,5,57.79,11.82,0.3,53
Andre Russell,Mumbai Indians,1148,2009,146,3,128.36,11.87,4.0,166
David Warner,Mumbai Indians,1162,2011,91,4,210.48,9.18,1.6,144
Andre Russell,Rajasthan Royals,1065,2008,16,1,118.25,5.19,1.1,174
AB de Villiers,Royal Challengers Bangalore,1090,2011,42,3,138.84,10.19,2.2,90
Andre Russell,Royal Challengers Bangalore,1129,2009,120,4,185.12,3.96,1.2,172
MS Dhoni,Chennai Super Kings,1162,2012,40,1,151.78,10.03,0.3,56
Shikhar Dhawan,Chennai Super Kings,1019,2010,38,2,222.29,11.19,0.0,118
Chris Gayle,Kings XI Punjab,1009,2019,112,5,223.21,6.45,1.8,118
David Warner,Kolkata Knight Riders,1024,2015,110,2,51.98,8.68,3.3,130
Ravindra Jadeja,Delhi Capitals,1193,2011,46,0,205.61,6.87,2.3,79
Virat Kohli,Chennai Super Kings,1024,2008,62,4,142.15,6.94,4.0,122
Chris Gayle,Mumbai Indians,1053,2008,109,1,247.77,5.79,1.1,55
Virat Kohli,Kings XI Punjab,1032,2019,68,3,146.65,9.86,1.1,138
Shikhar Dhawan,Delhi Capitals,1163,2017,42,2,247.38,11.43,0.6,196
David Warner,Kings XI Punjab,1094,2010,33,1,200.91,11.47,0.7,115
Rohit Sharma,Delhi Capitals,1013,2016,39,4,99.72,4.57,1.1,59
Ravindra Jadeja,Delhi Capitals,1064,2014,60,0,157.68,10.87,3.2,193
MS Dhoni,Rajasthan Royals,1109,2009,61,2,248.43,9.64,3.6,86
Rohit Sharma,Chennai Super Kings,1079,2016,57,5,221.51,5.28,3.9,126
Shikhar Dhawan,Sunrisers Hyderabad,1053,2017,74,1,69.47,3.61,0.9,126
Chris Gayle,Kings XI Punjab,1124,2009,15,5,191.27,5.41,3.5,81
MS Dhoni,Sunrisers Hyderabad,1179,2010,81,1,119.12,11.21,1.3,96
Andre Russell,Kings XI Punjab,1130,2018,93,1,51.4,8.7,0.5,159
AB de Villiers,Rajasthan Royals,1168,2017,47,4,130.7,9.49,3.5,169
MS Dhoni,Mumbai Indians,1133,2009,137,4,96.95,5.31,2.5,59
Shikhar Dhawan,Sunrisers Hyderabad,1024,2010,81,4,213.77,9.47,0.7,146
KL Rahul,Mumbai Indians,1140,2013,37,3,117.47,3.25,1.7,54
AB de Villiers,Royal Challengers Bangalore,1116,2016,126,1,215.5,6.38,1.1,126
Virat Kohli,Chennai Super Kings,1135,2016,18,2,50.12,8.64,2.9,50
Ravindra Jadeja,Chennai Super Kings,1148,2014,62,5,111.56,4.31,1.8,180
Virat Kohli,Kolkata Knight Riders,1195,2019,76,4,98.23,10.41,4.0,116
MS Dhoni,Rajasthan Royals,1024,2010,130,4,96.71,5.12,0.2,64
Virat Kohli,Mumbai Indians,1078,2011,101,5,63.64,8.87,1.4,142
Shikhar Dhawan,Delhi Capitals,1067,2013,64,5,87.42,6.65,1.9,79
Andre Russell,Kings XI Punjab,1172,2018,119,1,161.11,8.36,2.0,152
Chris Gayle,Chennai Super Kings,1187,2012,90,4,108.27,3.97,1.3,131
Ravindra Jadeja,Sunrisers Hyderabad,1011,2009,7,5,133.48,3.15,2.9,124
Virat Kohli,Kings XI Punjab,1031,2013,72,3,125.37,11.19,3.5,109
Virat Kohli,Kings XI Punjab,1127,2010,133,3,225.18,5.43,3.8,89
MS Dhoni,Kolkata Knight Riders,1095,2015,106,4,231.06,10.38,3.2,123
Chris Gayle,Mumbai Indians,1091,2009,88,5,148.59,11.99,3.4,170
Rohit Sharma,Chennai Super Kings,1140,2008,38,1,116.03,4.9,2.2,196
Virat Kohli,Kings XI Punjab,1030,2016,112,1,71.36,5.39,3.3,52
Shikhar Dhawan,Chennai Super Kings,1077,2019,27,1,240.68,8.97,1.2,85
KL Rahul,Delhi Capitals,1019,2010,96,0,62.05,11.69,1.6,92
Ravindra Jadeja,Kolkata Knight Riders,1145,2018,36,4,109.53,11.24,1.3,192
Virat Kohli,Delhi Capitals,1059,2008,136,1,109.61,7.53,1.9,164
Shikhar Dhawan,Chennai Super Kings,1190,2014,81,3,114.08,10.16,1.1,158
Shikhar Dhawan,Royal Challengers Bangalore,1133,2017,55,5,82.86,4.22,3.8,139
Ravindra Jadeja,Sunrisers Hyderabad,1159,2012,84,2,206.63,11.8,1.3,133
Rohit Sharma,Chennai Super Kings,1092,2012,1,2,74.5,11.68,0.4,126
Shikhar Dhawan,Mumbai Indians,1042,2008,57,1,176.98,4.47,2.1,54
KL Rahul,Kings XI Punjab,1129,2016,106,2,74.77,5.69,0.2,127
Shikhar Dhawan,Kings XI Punjab,1059,2014,122,2,64.11,3.9,0.4,140
Shikhar Dhawan,Delhi Capitals,1150,2015,113,0,231.89,5.45,0.9,136
Shikhar Dhawan,Sunrisers Hyderabad,1030,2016,106,3,88.03,10.34,1.9,63
Andre Russell,Kolkata Knight Riders,1004,2013,36,3,214.25,6.4,1.7,153
Andre Russell,Royal Challengers Bangalore,1161,2019,78,0,158.93,3.8,3.2,132
Rohit Sharma,Rajasthan Royals,1009,2012,91,0,65.57,6.08,3.0,103
Virat Kohli,Sunrisers Hyderabad,1088,2013,17,2,241.09,11.83,1.7,181
Shikhar Dhawan,Kings XI Punjab,1129,2018,97,4,99.39,8.67,1.3,144
Chris Gayle,Mumbai Indians,1125,2009,62,5,221.93,6.75,1.3,58
Virat Kohli,Sunrisers Hyderabad,1010,2011,149,5,83.76,4.5,3.1,102
Rohit Sharma,Delhi Capitals,1177,2010,138,2,220.79,11.88,0.2,126
David Warner,Delhi Capitals,1158,2014,3,5,52.65,10.39,0.1,109
Virat Kohli,Rajasthan Royals,1055,2016,134,0,152.36,5.53,3.2,95
Virat Kohli,Mumbai Indians,1082,2012,60,3,203.89,3.63,1.9,103
AB de Villiers,Kolkata Knight Riders,1136,2013,106,5,236.96,3.51,0.5,123
MS Dhoni,Sunrisers Hyderabad,1098,2017,53,2,231.84,4.08,0.9,161
AB de Villiers,Mumbai Indians,1148,2019,87,4,213.92,8.23,3.7,144
KL Rahul,Kolkata Knight Riders,1072,2019,67,2,227.64,11.36,3.4,72
Andre Russell,Mumbai Indians,1155,2009,128,1,89.84,7.47,2.8,76
Andre Russell,Mumbai Indians,1189,2010,54,2,106.84,10.59,1.9,119
MS Dhoni,Chennai Super Kings,1114,2010,2,0,107.79,7.01,2.1,158
Ravindra Jadeja,Delhi Capitals,1006,2019,120,3,125.41,9.38,3.9,126
Ravindra Jadeja,Sunrisers Hyderabad,1079,2019,128,3,128.66,9.59,3.9,99
Rohit Sharma,Mumbai Indians,1143,2016,101,5,158.91,4.57,0.9,173
MS Dhoni,Sunrisers Hyderabad,1096,2014,37,0,81.98,6.25,3.2,68
Virat Kohli,Rajasthan Royals,1003,2015,84,1,188.25,8.74,0.8,50
Ravindra Jadeja,Mumbai Indians,1003,2018,132,0,83.51,3.64,0.9,89
Shikhar Dhawan,Kings XI Punjab,1102,2017,91,2,112.06,6.25,2.7,71
Chris Gayle,Delhi Capitals,1039,2018,20,0,150.67,7.81,1.6,161
Virat Kohli,Kings XI Punjab,1016,2016,108,0,209.29,11.97,3.7,89
KL Rahul,Sunrisers Hyderabad,1100,2013,46,1,197.89,7.27,0.4,87
Shikhar Dhawan,Sunrisers Hyderabad,1102,2011,83,2,179.11,10.34,2.0,97
Shikhar Dhawan,Delhi Capitals,1123,2019,82,4,81.15,6.89,3.7,124
MS Dhoni,Sunrisers Hyderabad,1051,2008,34,4,159.41,10.17,3.6,156
Rohit Sharma,Kings XI Punjab,1051,2015,68,3,67.49,8.36,0.6,57
KL Rahul,Mumbai Indians,1163,2014,128,5,125.47,10.98,1.5,135
Ravindra Jadeja,Mumbai Indians,1123,2009,139,0,132.7,6.7,2.5,117
MS Dhoni,Chennai Super Kings,1165,2015,26,3,57.96,8.44,0.6,124
Ravindra Jadeja,Rajasthan Royals,1177,2019,55,1,104.8,8.67,3.9,186
MS Dhoni,Sunrisers Hyderabad,1062,2012,22,4,241.13,6.76,3.7,139
MS Dhoni,Kings XI Punjab,1115,2014,20,0,240.73,4.3,0.7,179
MS Dhoni,Sunrisers Hyderabad,1190,2011,60,1,120.47,3.84,0.5,129
Rohit Sharma,Sunrisers Hyderabad,1061,2012,62,5,58.62,3.15,0.3,144
MS Dhoni,Kolkata Knight Riders,1006,2015,121,1,85.82,10.86,3.6,119
David Warner,Chennai Super Kings,1154,2008,51,0,128.44,5.13,0.8,139
Chris Gayle,Kings XI Punjab,1091,2008,87,5,239.56,4.9,1.7,108
Ravindra Jadeja,Kings XI Punjab,1013,2011,54,1,78.24,9.62,1.8,196
Virat Kohli,Sunrisers Hyderabad,1198,2010,45,5,202.7,5.88,2.4,77
AB de Villiers,Chennai Super Kings,1085,2017,31,0,71.74,7.55,0.3,121
KL Rahul,Mumbai Indians,1132,2019,54,0,246.25,4.46,0.9,63
Andre Russell,Kings XI Punjab,1182,2009,95,5,126.32,11.64,3.7,73
Rohit Sharma,Mumbai Indians,1129,2019,132,2,205.05,10.66,3.6,161
Virat Kohli,Chennai Super Kings,1061,2010,35,3,118.52,10.77,3.1,93
Shikhar Dhawan,Mumbai Indians,1148,2018,109,1,175.53,6.66,0.1,105
David Warner,Delhi Capitals,1078,2018,105,1,88.4,9.86,1.3,169
Andre Russell,Kolkata Knight Riders,1148,2018,57,2,79.2,4.29,2.5,81
AB de Villiers,Royal Challengers Bangalore,1137,2008,38,2,237.61,3.08,1.1,74
Virat Kohli,Kings XI Punjab,1057,2008,79,2,233.53,3.18,3.6,165
Andre Russell,Rajasthan Royals,1119,2013,96,4,227.49,8.28,2.5,115
Virat Kohli,Kolkata Knight Riders,1166,2012,112,4,175.09,7.1,0.3,91
David Warner,Royal Challengers Bangalore,1132,2015,60,5,211.65,7.66,3.6,125
AB de Villiers,Mumbai Indians,1064,2009,136,4,63.81,3.07,3.8,186
Shikhar Dhawan,Kings XI Punjab,1012,2011,5,0,116.96,6.8,0.3,87
MS Dhoni,Mumbai Indians,1180,2015,108,5,112.74,9.46,2.1,110
Ravindra Jadeja,Delhi Capitals,1081,2019,34,1,177.13,6.98,1.2,138
Shikhar Dhawan,Chennai Super Kings,1172,2013,38,3,121.19,9.59,1.6,67
MS Dhoni,Kings XI Punjab,1159,2008,149,0,79.7,5.1,0.7,119
Rohit Sharma,Royal Challengers Bangalore,1163,2011,117,1,169.29,10.32,2.3,131
Chris Gayle,Royal Challengers Bangalore,1187,2008,4,1,212.88,8.3,3.8,165
KL Rahul,Delhi Capitals,1138,2009,86,5,126.42,4.9,2.0,129
KL Rahul,Delhi Capitals,1190,2012,75,2,76.45,5.13,0.3,64
Ravindra Jadeja,Sunrisers Hyderabad,1148,2015,56,2,89.34,8.65,2.5,62
AB de Villiers,Kings XI Punjab,1051,2015,126,0,97.5,10.47,1.4,168
David Warner,Mumbai Indians,1182,2018,28,2,109.98,6.74,3.4,92
AB de Villiers,Rajasthan Royals,1116,2010,86,1,178.56,5.32,1.7,106
David Warner,Royal Challengers Bangalore,1025,2018,140,2,170.19,10.8,0.8,66
AB de Villiers,Royal Challengers Bangalore,1195,2011,45,4,189.22,9.02,0.8,81
Chris Gayle,Delhi Capitals,1033,2017,115,2,122.5,7.03,3.1,199
Rohit Sharma,Kolkata Knight Riders,1051,2018,111,1,214.8,7.39,1.1,104
Rohit Sharma,Delhi Capitals,1111,2013,44,5,90.82,4.84,3.1,62
MS Dhoni,Rajasthan Royals,1081,2018,144,0,143.81,8.64,0.8,96
Andre Russell,Mumbai Indians,1179,2018,103,3,210.19,6.23,1.3,136
Rohit Sharma,Mumbai Indians,1156,2017,84,2,86.03,11.96,1.9,111
Rohit Sharma,Kolkata Knight Riders,1165,2010,133,1,71.97,7.32,3.8,78
Shikhar Dhawan,Royal Challengers Bangalore,1041,2009,107,3,226.74,7.37,3.7,71
Shikhar Dhawan,Delhi Capitals,1020,2013,17,3,118.59,8.09,0.8,114
MS Dhoni,Sunrisers Hyderabad,1041,2018,93,4,186.77,11.25,1.4,78
Andre Russell,Mumbai Indians,1140,2012,149,3,55.07,10.21,0.6,97
Ravindra Jadeja,Rajasthan Royals,1112,2017,32,5,188.01,7.06,2.0,54
Shikhar Dhawan,Kings XI Punjab,1104,2012,125,1,113.22,9.47,1.8,150
Ravindra Jadeja,Chennai Super Kings,1191,2017,121,1,61.15,8.28,3.6,120
Virat Kohli,Chennai Super Kings,1016,2012,137,2,171.96,7.43,3.7,190
Shikhar Dhawan,Chennai Super Kings,1119,2017,114,2,98.16,4.73,1.5,187
Chris Gayle,Sunrisers Hyderabad,1136,2019,27,2,127.36,7.18,2.0,115
Andre Russell,Royal Challengers Bangalore,1168,2012,10,5,66.12,5.21,3.6,121
MS Dhoni,Delhi Capitals,1128,2010,46,3,79.43,11.23,3.2,74
Virat Kohli,Kolkata Knight Riders,1129,2014,126,3,109.6,6.02,0.0,109
Andre Russell,Sunrisers Hyderabad,1059,2013,146,4,67.95,11.57,1.3,89
Chris Gayle,Sunrisers Hyderabad,1047,2011,117,5,232.17,7.8,1.7,56
Andre Russell,Mumbai Indians,1028,2009,142,2,51.21,8.68,0.9,95
Chris Gayle,Kings XI Punjab,1096,2019,125,0,146.77,7.89,0.8,135
Chris Gayle,Sunrisers Hyderabad,1009,2016,71,4,74.65,4.16,0.2,190
Ravindra Jadeja,Rajasthan Royals,1057,2008,106,0,111.54,6.38,2.6,70
AB de Villiers,Kings XI Punjab,1187,2018,136,3,235.21,3.89,1.1,50
Virat Kohli,Rajasthan Royals,1020,2011,32,4,82.34,8.61,0.2,172
Andre Russell,Royal Challengers Bangalore,1027,2008,18,4,243.17,7.02,0.9,196
David Warner,Delhi Capitals,1033,2013,73,1,91.16,10.0,3.2,174
Virat Kohli,Chennai Super Kings,1007,2011,97,3,198.31,4.98,3.4,82
AB de Villiers,Sunrisers Hyderabad,1186,2012,140,3,159.34,4.48,1.9,53
Virat Kohli,Delhi Capitals,1199,2012,128,5,226.9,6.66,1.7,52
Rohit Sharma,Royal Challengers Bangalore,1176,2016,92,4,160.8,11.34,3.9,140
David Warner,Kolkata Knight Riders,1078,2008,47,3,156.91,9.39,0.8,101
AB de Villiers,Kolkata Knight Riders,1144,2009,63,4,89.09,6.77,0.9,77
Ravindra Jadeja,Royal Challengers Bangalore,1187,2013,60,5,83.25,7.66,1.2,119
Andre Russell,Rajasthan Royals,1086,2012,38,5,233.3,3.76,0.7,106
KL Rahul,Mumbai Indians,1087,2018,127,1,115.57,11.86,1.5,157
AB de Villiers,Mumbai Indians,1172,2014,87,4,124.42,9.0,3.6,193
MS Dhoni,Rajasthan Royals,1068,2010,25,3,201.96,5.57,2.5,73
Andre Russell,Kolkata Knight Riders,1159,2010,16,3,117.76,8.27,1.6,126
AB de Villiers,Kolkata Knight Riders,1171,2017,70,4,240.41,3.99,3.7,125
Rohit Sharma,Sunrisers Hyderabad,1192,2009,12,4,197.59,11.69,0.2,118
KL Rahul,Kolkata Knight Riders,1086,2010,68,4,169.49,4.57,0.8,150
Rohit Sharma,Delhi Capitals,1100,2017,25,2,226.18,8.83,2.3,141
KL Rahul,Kolkata Knight Riders,1007,2008,48,3,59.92,5.21,2.5,141
MS Dhoni,Kings XI Punjab,1076,2012,6,5,101.41,9.46,0.2,79
Andre Russell,Sunrisers Hyderabad,1199,2019,57,3,143.01,9.99,1.6,67
Ravindra Jadeja,Chennai Super Kings,1086,2012,48,2,95.4,9.06,2.6,93
Rohit Sharma,Kolkata Knight Riders,1042,2019,102,4,198.78,8.53,2.8,148
Rohit Sharma,Rajasthan Royals,1128,2018,52,1,233.84,11.03,2.6,170
Chris Gayle,Chennai Super Kings,1108,2014,61,4,134.75,3.71,1.3,164
KL Rahul,Delhi Capitals,1178,2011,16,4,118.43,5.98,0.4,109
Shikhar Dhawan,Rajasthan Royals,1151,2010,24,2,242.31,5.23,1.7,195
Andre Russell,Chennai Super Kings,1151,2008,130,3,138.97,11.89,0.5,105
KL Rahul,Rajasthan Royals,1016,2019,28,4,147.81,6.5,3.8,80
Chris Gayle,Delhi Capitals,1132,2015,116,3,120.33,9.59,1.9,150
Virat Kohli,Sunrisers Hyderabad,1147,2010,25,0,231.91,9.16,1.3,108
KL Rahul,Kings XI Punjab,1020,2009,123,5,163.79,4.91,3.1,173
Ravindra Jadeja,Delhi Capitals,1057,2018,143,3,202.43,5.15,2.0,179
Andre Russell,Delhi Capitals,1158,2011,24,1,212.36,5.53,1.2,146
Chris Gayle,Rajasthan Royals,1109,2010,53,5,118.37,6.7,3.2,156
Virat Kohli,Sunrisers Hyderabad,1138,2008,72,1,136.74,5.11,3.5,67
David Warner,Royal Challengers Bangalore,1179,2010,119,4,219.69,3.18,2.7,194
Chris Gayle,Mumbai Indians,1142,2019,55,5,122.65,10.91,0.2,120
David Warner,Kolkata Knight Riders,1134,2009,64,3,208.79,11.69,2.3,155
Andre Russell,Kolkata Knight Riders,1027,2015,92,5,238.2,6.07,3.1,103
Rohit Sharma,Kings XI Punjab,1050,2013,85,4,174.64,6.05,0.5,143
Chris Gayle,Kings XI Punjab,1185,2016,79,2,198.33,3.06,0.9,125
MS Dhoni,Kolkata Knight Riders,1004,2015,107,1,211.02,9.12,3.5,84
David Warner,Mumbai Indians,1004,2017,117,4,219.01,10.43,0.1,60
Ravindra Jadeja,Kolkata Knight Riders,1093,2010,82,2,129.01,4.32,3.0,110
MS Dhoni,Royal Challengers Bangalore,1095,2012,146,5,60.25,4.44,1.9,93
AB de Villiers,Mumbai Indians,1007,2014,14,5,130.38,10.11,1.8,170
AB de Villiers,Kings XI Punjab,1063,2012,130,4,184.75,8.55,0.0,117
Virat Kohli,Chennai Super Kings,1137,2015,138,3,140.07,3.4,3.3,74
Rohit Sharma,Rajasthan Royals,1037,2019,29,5,199.79,8.6,1.4,133
Andre Russell,Royal Challengers Bangalore,1110,2012,56,3,121.4,5.78,2.2,163
Chris Gayle,Royal Challengers Bangalore,1111,2008,145,3,176.95,6.32,2.7,181
Shikhar Dhawan,Sunrisers Hyderabad,1080,2012,127,3,87.28,9.93,2.8,50
Ravindra Jadeja,Kings XI Punjab,1135,2011,47,0,199.87,10.3,3.8,180
David Warner,Kings XI Punjab,1103,2013,135,2,159.14,6.6,2.1,135
Andre Russell,Delhi Capitals,1152,2010,21,2,90.81,11.52,1.6,111
MS Dhoni,Royal Challengers Bangalore,1072,2018,5,5,108.38,6.66,3.8,113
AB de Villiers,Delhi Capitals,1193,2012,103,5,199.72,9.95,2.6,194
Ravindra Jadeja,Delhi Capitals,1177,2009,35,3,146.52,7.35,1.2,175
Shikhar Dhawan,Rajasthan Royals,1194,2018,78,0,93.21,11.08,0.5,154
Chris Gayle,Delhi Capitals,1048,2013,115,3,243.45,11.17,3.4,111
Virat Kohli,Mumbai Indians,1035,2019,56,0,193.03,3.79,1.4,84
Shikhar Dhawan,Kolkata Knight Riders,1125,2013,48,3,241.43,11.43,2.6,62
Ravindra Jadeja,Chennai Super Kings,1067,2012,81,1,135.42,10.43,1.9,92
Shikhar Dhawan,Kings XI Punjab,1077,2013,65,1,145.02,10.12,0.8,179
Ravindra Jadeja,Mumbai Indians,1104,2018,76,4,229.59,4.81,2.4,160
Ravindra Jadeja,Chennai Super Kings,1168,2014,44,3,155.01,10.25,0.2,177
KL Rahul,Royal Challengers Bangalore,1121,2019,78,5,191.46,10.65,1.7,100
David Warner,Royal Challengers Bangalore,1118,2012,19,2,100.43,5.6,2.2,193
AB de Villiers,Royal Challengers Bangalore,1189,2008,122,4,139.35,11.57,1.7,195
KL Rahul,Mumbai Indians,1113,2015,66,5,74.69,3.45,3.0,184
Chris Gayle,Mumbai Indians,1009,2011,82,1,91.2,4.35,3.3,94
KL Rahul,Kings XI Punjab,1148,2016,2,3,50.19,7.84,3.1,91
Rohit Sharma,Kolkata Knight Riders,1163,2017,63,4,57.85,8.18,0.2,184
Rohit Sharma,Sunrisers Hyderabad,1139,2019,39,3,245.46,8.81,0.8,64
AB de Villiers,Delhi Capitals,1090,2013,58,1,98.47,3.15,2.1,109
Shikhar Dhawan,Royal Challengers Bangalore,1001,2008,61,4,182.66,11.64,3.7,89
David Warner,Rajasthan Royals,1117,2010,131,1,217.82,3.4,3.3,161
AB de Villiers,Kolkata Knight Riders,1012,2010,59,0,160.13,4.29,3.4,126
Ravindra Jadeja,Rajasthan Royals,1180,2017,115,1,80.63,3.13,1.2,154
MS Dhoni,Kings XI Punjab,1159,2019,74,3,195.62,8.1,1.7,156
David Warner,Kings XI Punjab,1094,2019,121,2,170.05,11.39,1.9,171
David Warner,Kings XI Punjab,1143,2011,106,1,196.25,8.99,0.6,129
Ravindra Jadeja,Chennai Super Kings,1031,2013,95,5,203.95,10.4,0.1,174
Ravindra Jadeja,Rajasthan Royals,1031,2014,90,2,245.08,3.12,3.8,183
Virat Kohli,Kolkata Knight Riders,1123,2017,129,0,164.71,7.88,1.0,81
AB de Villiers,Sunrisers Hyderabad,1010,2011,61,4,118.33,7.14,1.0,157
Ravindra Jadeja,Kolkata Knight Riders,1009,2013,48,4,179.69,7.49,0.3,163
Rohit Sharma,Mumbai Indians,1014,2018,136,2,63.69,3.65,3.7,195
Chris Gayle,Mumbai Indians,1016,2008,91,4,229.48,9.16,2.3,117
MS Dhoni,Royal Challengers Bangalore,1167,2015,123,1,73.88,7.53,2.7,176
AB de Villiers,Sunrisers Hyderabad,1145,2014,60,2,115.57,9.89,3.6,184
Andre Russell,Mumbai Indians,1182,2018,47,3,213.15,7.37,1.4,163
Rohit Sharma,Kings XI Punjab,1152,2018,135,1,169.46,4.34,2.5,57
Shikhar Dhawan,Kolkata Knight Riders,1058,2016,57,1,128.73,8.83,0.2,113
Ravindra Jadeja,Rajasthan Royals,1077,2010,100,1,144.69,4.55,0.7,184
Andre Russell,Kings XI Punjab,1123,2009,111,3,220.91,10.85,3.3,90
Ravindra Jadeja,Chennai Super Kings,1113,2008,61,0,118.0,8.52,3.1,89
David Warner,Mumbai Indians,1021,2010,38,5,223.93,4.41,1.4,52
Rohit Sharma,Kings XI Punjab,1157,2012,57,4,67.63,11.66,1.5,194
David Warner,Kings XI Punjab,1171,2018,98,2,205.36,7.67,2.1,159
Virat Kohli,Chennai Super Kings,1031,2009,43,0,219.51,3.66,0.0,163
David Warner,Delhi Capitals,1178,2019,28,2,86.36,8.64,1.0,161
Virat Kohli,Kolkata Knight Riders,1173,2010,58,4,136.07,5.28,0.8,199
Virat Kohli,Rajasthan Royals,1112,2011,70,3,83.1,10.23,1.0,53
Andre Russell,Royal Challengers Bangalore,1119,2014,91,1,191.32,10.36,3.2,183
Ravindra Jadeja,Delhi Capitals,1148,2010,8,1,157.07,11.81,1.1,75
Shikhar Dhawan,Mumbai Indians,1121,2016,126,3,177.06,7.52,0.8,188
David Warner,Kings XI Punjab,1031,2015,133,0,89.3,7.09,2.0,66
Rohit Sharma,Sunrisers Hyderabad,1118,2011,144,0,92.35,9.78,3.5,141
Virat Kohli,Chennai Super Kings,1038,2008,143,2,58.3,4.19,1.0,80
Ravindra Jadeja,Chennai Super Kings,1011,2008,130,3,114.41,7.92,0.3,193
MS Dhoni,Sunrisers Hyderabad,1174,2008,20,0,161.95,7.92,1.4,156
AB de Villiers,Kolkata Knight Riders,1017,2008,63,3,221.59,3.81,3.0,195
Andre Russell,Delhi Capitals,1148,2015,89,4,183.39,6.76,2.2,160
Shikhar Dhawan,Royal Challengers Bangalore,1140,2010,35,1,137.08,10.68,3.3,150
KL Rahul,Kolkata Knight Riders,1148,2013,61,1,240.62,10.71,3.8,161
Andre Russell,Sunrisers Hyderabad,1125,2010,75,1,193.85,3.89,3.2,111
MS Dhoni,Kings XI Punjab,1135,2018,12,3,236.03,3.82,2.4,161
AB de Villiers,Sunrisers Hyderabad,1045,2012,10,3,155.52,5.36,2.0,165
MS Dhoni,Kolkata Knight Riders,1103,2014,53,2,101.78,10.87,0.2,84
David Warner,Rajasthan Royals,1134,2009,15,1,60.57,4.16,3.9,77
Virat Kohli,Chennai Super Kings,1150,2013,7,2,195.22,9.48,1.5,152
Shikhar Dhawan,Chennai Super Kings,1085,2013,103,1,74.26,3.91,0.6,174
Chris Gayle,Mumbai Indians,1149,2018,58,2,110.56,8.61,2.7,151
Virat Kohli,Mumbai Indians,1088,2010,56,2,156.49,6.2,1.1,186
Chris Gayle,Sunrisers Hyderabad,1021,2013,39,4,162.88,10.1,2.3,192
AB de Villiers,Royal Challengers Bangalore,1091,2017,129,2,170.12,5.1,2.3,70
Ravindra Jadeja,Kings XI Punjab,1028,2017,93,3,83.25,8.75,1.8,101
KL Rahul,Rajasthan Royals,1012,2012,137,2,125.95,5.12,3.3,146
Rohit Sharma,Delhi Capitals,1001,2019,43,1,173.44,9.42,1.1,100
Virat Kohli,Kolkata Knight Riders,1028,2009,138,2,243.96,10.86,1.8,132
Shikhar Dhawan,Royal Challengers Bangalore,1179,2016,79,0,195.53,4.14,2.2,104
MS Dhoni,Kings XI Punjab,1026,2015,80,5,234.52,10.8,2.7,126
Shikhar Dhawan,Mumbai Indians,1049,2010,1,1,202.44,8.34,3.1,176
AB de Villiers,Sunrisers Hyderabad,1094,2015,139,0,168.34,4.14,1.6,142
Chris Gayle,Kolkata Knight Riders,1150,2016,114,1,88.4,6.85,2.6,137
MS Dhoni,Mumbai Indians,1087,2010,89,3,183.34,4.45,0.6,129
Rohit Sharma,Sunrisers Hyderabad,1043,2010,22,5,174.68,9.3,3.7,141
Rohit Sharma,Kolkata Knight Riders,1021,2009,145,5,170.49,9.83,1.5,96
Virat Kohli,Delhi Capitals,1170,2015,61,3,147.96,3.95,2.9,87
AB de Villiers,Kings XI Punjab,1164,2017,112,5,155.73,7.56,0.1,188
Ravindra Jadeja,Kolkata Knight Riders,1188,2008,127,3,116.89,10.33,0.8,64
AB de Villiers,Rajasthan Royals,1096,2015,61,0,153.86,11.43,1.9,50
Chris Gayle,Royal Challengers Bangalore,1183,2014,37,4,89.51,7.62,3.5,184
Shikhar Dhawan,Chennai Super Kings,1002,2014,60,1,211.03,11.55,2.1,50
Rohit Sharma,Rajasthan Royals,1190,2010,128,3,87.16,7.82,3.7,98
Shikhar Dhawan,Rajasthan Royals,1117,2008,148,1,66.99,6.55,1.9,145
Shikhar Dhawan,Royal Challengers Bangalore,1018,2011,121,0,137.25,10.63,2.0,75
Shikhar Dhawan,Chennai Super Kings,1022,2016,109,4,181.66,7.44,0.5,136
Rohit Sharma,Rajasthan Royals,1156,2012,12,0,137.54,7.25,3.2,142
Andre Russell,Kolkata Knight Riders,1029,2008,99,5,105.35,7.41,1.0,151
David Warner,Kolkata Knight Riders,1038,2012,134,1,161.63,10.62,3.6,120
Chris Gayle,Kolkata Knight Riders,1107,2015,21,4,119.4,10.49,3.6,189
Andre Russell,Chennai Super Kings,1110,2015,73,5,236.57,6.63,3.8,144
Chris Gayle,Rajasthan Royals,1024,2012,131,4,234.53,6.0,2.1,167
MS Dhoni,Sunrisers Hyderabad,1127,2019,22,5,150.47,7.43,2.7,197
AB de Villiers,Chennai Super Kings,1110,2016,118,0,115.58,8.15,3.1,168
AB de Villiers,Kolkata Knight Riders,1135,2008,69,3,197.43,5.15,0.5,100
KL Rahul,Royal Challengers Bangalore,1105,2011,83,1,57.34,10.15,2.4,130
AB de Villiers,Rajasthan Royals,1185,2010,100,2,144.95,7.38,0.1,85
Rohit Sharma,Rajasthan Royals,1143,2009,83,2,117.26,6.01,2.0,116
Ravindra Jadeja,Mumbai Indians,1071,2015,27,0,234.11,3.96,0.6,178
Virat Kohli,Mumbai Indians,1128,2014,135,1,52.4,5.15,0.7,163
KL Rahul,Delhi Capitals,1107,2016,0,1,160.56,11.54,1.5,160
Virat Kohli,Sunrisers Hyderabad,1004,2009,62,0,198.13,5.75,1.7,191
Chris Gayle,Sunrisers Hyderabad,1002,2011,21,1,147.0,4.52,2.5,149
Virat Kohli,Kings XI Punjab,1192,2013,69,3,67.08,7.15,0.3,158
Virat Kohli,Sunrisers Hyderabad,1131,2018,124,0,244.49,5.76,2.0,169
KL Rahul,Mumbai Indians,1103,2010,148,3,153.6,3.32,0.7,128
MS Dhoni,Chennai Super Kings,1063,2015,95,1,172.84,5.91,2.3,183
Shikhar Dhawan,Sunrisers Hyderabad,1105,2010,78,0,97.32,7.9,2.5,68
AB de Villiers,Mumbai Indians,1097,2019,4,1,146.7,7.97,2.2,176
AB de Villiers,Delhi Capitals,1009,2009,59,0,135.83,6.21,3.0,78
Rohit Sharma,Rajasthan Royals,1148,2010,119,1,64.98,7.03,1.3,73
KL Rahul,Sunrisers Hyderabad,1127,2018,45,3,71.23,11.69,3.1,59
Rohit Sharma,Delhi Capitals,1045,2013,133,3,217.49,6.4,1.7,154
Ravindra Jadeja,Rajasthan Royals,1154,2009,55,1,97.96,5.32,1.9,194
Ravindra Jadeja,Royal Challengers Bangalore,1065,2015,109,0,88.99,5.19,2.6,104
Rohit Sharma,Royal Challengers Bangalore,1168,2008,103,2,150.98,7.12,0.1,196
KL Rahul,Rajasthan Royals,1111,2014,76,3,203.75,9.84,2.6,51
Rohit Sharma,Sunrisers Hyderabad,1012,2009,145,3,62.39,4.85,2.5,196
AB de Villiers,Kings XI Punjab,1136,2017,1,5,165.36,9.38,1.2,184
Andre Russell,Mumbai Indians,1163,2019,7,2,73.84,3.19,0.3,160
David Warner,Chennai Super Kings,1085,2013,74,1,57.29,6.77,0.4,87
Virat Kohli,Chennai Super Kings,1089,2019,124,0,60.55,9.98,3.7,180
David Warner,Kolkata Knight Riders,1057,2009,37,5,216.83,6.05,2.8,151
KL Rahul,Rajasthan Royals,1053,2009,26,1,73.59,8.07,0.5,144
David Warner,Chennai Super Kings,1011,2017,19,4,59.03,4.84,1.4,141
Ravindra Jadeja,Sunrisers Hyderabad,1013,2015,139,3,137.58,9.68,2.4,120
Chris Gayle,Kings XI Punjab,1120,2019,42,4,218.8,3.47,3.3,73
Virat Kohli,Rajasthan Royals,1161,2009,30,3,102.48,10.67,0.2,117
Shikhar Dhawan,Kings XI Punjab,1180,2014,90,3,134.34,4.78,0.9,177
KL Rahul,Sunrisers Hyderabad,1120,2010,60,4,57.98,10.87,3.6,142
Virat Kohli,Chennai Super Kings,1019,2015,108,4,139.82,6.17,0.0,93
David Warner,Chennai Super Kings,1074,2014,90,1,165.52,9.5,0.8,182
Ravindra Jadeja,Kolkata Knight Riders,1143,2015,94,5,164.18,5.87,3.8,104
MS Dhoni,Chennai Super Kings,1069,2014,142,5,116.49,11.15,2.5,78
Andre Russell,Rajasthan Royals,1055,2018,143,4,113.11,4.14,1.0,86
Shikhar Dhawan,Sunrisers Hyderabad,1100,2013,12,1,71.32,4.61,0.3,164
Andre Russell,Royal Challengers Bangalore,1185,2014,112,5,123.36,7.44,0.1,52
Virat Kohli,Sunrisers Hyderabad,1131,2012,34,1,69.9,3.74,1.0,171
Ravindra Jadeja,Rajasthan Royals,1110,2014,148,1,203.32,4.76,3.5,92
Ravindra Jadeja,Rajasthan Royals,1124,2008,47,3,243.25,11.49,1.7,56
David Warner,Kolkata Knight Riders,1131,2008,34,5,244.01,11.79,2.9,174
AB de Villiers,Kolkata Knight Riders,1019,2016,85,5,223.01,6.39,3.7,98
David Warner,Chennai Super Kings,1137,2012,113,3,170.16,11.31,1.6,170
AB de Villiers,Delhi Capitals,1023,2012,99,4,190.17,7.9,0.8,122
AB de Villiers,Sunrisers Hyderabad,1153,2010,98,3,107.04,5.43,2.1,90
Shikhar Dhawan,Sunrisers Hyderabad,1036,2012,2,5,176.15,9.32,3.6,155
David Warner,Delhi Capitals,1053,2010,84,5,141.13,8.93,3.2,126
MS Dhoni,Kolkata Knight Riders,1102,2016,124,4,146.4,11.9,0.3,176
Rohit Sharma,Chennai Super Kings,1148,2016,137,3,201.56,5.39,2.8,140
Rohit Sharma,Delhi Capitals,1037,2013,82,0,106.38,9.05,2.3,57
David Warner,Chennai Super Kings,1173,2008,24,0,113.61,3.47,3.6,81
David Warner,Chennai Super Kings,1003,2014,67,4,234.93,4.02,0.5,113
Andre Russell,Chennai Super Kings,1187,2014,60,3,61.24,3.04,2.1,187
Shikhar Dhawan,Mumbai Indians,1056,2017,28,3,147.13,12.0,3.5,62
David Warner,Rajasthan Royals,1172,2017,126,1,232.56,10.22,1.6,142
Andre Russell,Chennai Super Kings,1019,2011,18,5,172.07,10.08,1.9,110
AB de Villiers,Mumbai Indians,1016,2015,73,2,159.28,7.59,0.3,57
Ravindra Jadeja,Kolkata Knight Riders,1118,2013,60,4,99.95,5.7,1.1,78
Ravindra Jadeja,Delhi Capitals,1070,2011,19,2,118.66,4.36,1.3,144
AB de Villiers,Rajasthan Royals,1003,2011,47,2,220.41,5.56,3.8,90
KL Rahul,Royal Challengers Bangalore,1013,2009,86,4,161.84,6.38,1.1,198
Andre Russell,Delhi Capitals,1002,2009,138,3,152.95,9.81,1.8,60
Andre Russell,Rajasthan Royals,1079,2019,109,4,69.92,7.86,2.7,51
AB de Villiers,Royal Challengers Bangalore,1185,2011,27,2,53.21,3.7,0.6,180
MS Dhoni,Delhi Capitals,1054,2012,58,5,242.74,3.16,1.9,129
Chris Gayle,Rajasthan Royals,1131,2015,132,5,125.4,3.92,3.0,136
